index,power_pv,PV_fc
24,0.5651240343472257,0.0
25,0.18883700522388283,0.0
26,0.12307471087451183,0.0
27,0.30974035579354986,0.0
28,0.9284022134614122,0.0
29,2.377431483427147,0.0
30,5.1679656835368215,3.2970543
31,9.700351660906044,8.568483
32,16.00877892971818,14.303804
33,23.583761160701105,23.198793
34,31.33433436697149,32.465282
35,37.76154370705052,41.079807
36,41.411462481584,45.335953
37,41.451373360997664,46.14361
38,37.99361212337344,45.132385
39,31.95439155479419,37.069626
40,24.633225663307453,28.56564
41,17.33178823020218,20.965263
42,11.0920591782784,13.74686
43,6.479323299310163,7.7350698
44,3.4963052795179506,3.3454144
45,1.761330390015324,0.9075401
46,0.8208425452715307,0.0
47,0.34050725351636396,0.0
48,0.11750112733836587,0.0
49,0.03087194594055569,0.0
50,0.016521875912200966,0.0
51,0.06715667988205615,0.0
52,0.24745197476031033,0.0
53,0.7105054970328377,0.0
54,1.6821013310768884,1.4838213
55,3.3801362825834156,5.3690653
56,5.89201861881773,10.828189
57,9.10209110196369,18.60087
58,12.721131900000774,22.02528
59,16.33920451442375,25.492882
60,19.407349333822935,28.258854
61,21.259798279491456,29.399376
62,21.356323303827207,27.081097
63,19.613013549264252,23.663353
64,16.4769673774114,20.671513
65,12.69229234402754,17.548643
66,9.005588283207366,13.272725
67,5.951105061098945,8.185816
68,3.7268473038894734,4.192307
69,2.2308783953635003,1.0575492
70,1.2513565517865453,0.0
71,0.628050712689551,0.0
72,0.2679214228277694,0.0
73,0.09833191277652195,0.0
74,0.06032538293413837,0.0
75,0.14123600251902887,0.0
76,0.39795692228299606,0.0
77,0.9477067104749013,0.0
78,1.9330999439200098,0.9589541
79,3.4881601797089523,3.7187479
80,5.722414030909535,7.821399
81,8.69028090760116,11.52874
82,12.332934678741799,17.126255
83,16.43358535460386,26.272417
84,20.61699096781321,30.533466
85,24.372209229980516,33.11048
86,27.114867181778962,32.187244
87,28.312779916453444,32.900177
88,27.6128006205212,30.562935
89,24.93430550078997,29.035875
90,20.583605170248486,29.938753
91,15.312839231964098,17.47107
92,10.12779298234844,8.17538
93,5.882131316382337,6.483784
94,2.9627798110445793,7.7486396
95,1.27543349402546,0.0
96,0.46167074214884585,0.0
97,0.14703027672574034,0.0
98,0.09615636418411884,0.0
99,0.2714383481024719,0.0
100,0.8609418545108047,0.0
101,2.2849198739457472,0.0
102,5.1078033751682375,4.1588206
103,9.762249035089173,10.020215
104,16.13793608488644,16.065931
105,23.251516120297055,23.394981
106,29.316500786378267,30.09979
107,32.45456974549727,35.56766
108,31.81090732226946,36.68878
109,28.223659092241896,33.419174
110,23.67814188165778,28.085995
111,19.861789171683075,18.606632
112,17.0640999833863,16.1429
113,14.396198822599722,11.927706
114,11.057101394474113,10.481119
115,7.272710257767992,6.749841
116,3.9583203843168926,0.57451844
117,1.7555452725320477,0.0
118,0.6297113365848562,0.0
119,0.1783946205231471,0.0
120,0.034297105450304066,0.0
121,-0.0019235745284343166,0.0
122,-0.005062112520169819,0.0
123,0.013293167359370618,0.0
124,0.0761234510434174,0.0
125,0.2423983742140862,0.0
126,0.6018443879827543,0.0
127,1.2447371604205735,0.0
128,2.2118094043403813,0.58876276
129,3.462707989891446,1.4946768
130,4.89240043554494,2.8009744
131,6.372115719674547,0.0
132,7.775522507955559,2.5823834
133,9.011385949749373,7.9351916
134,10.06564884879517,13.204328
135,10.941449382654755,20.62839
136,11.46672056516979,27.78583
137,11.239978961249744,24.129025
138,9.938843960905377,19.27714
139,7.707047935901846,14.243517
140,5.149279917181559,8.0697
141,2.9320225945156895,4.28557
142,1.4101850300282632,0.0
143,0.566002276707955,0.0
144,0.18430663303563055,0.0
145,0.04390186783956652,0.0
146,0.004838859600759698,0.0
147,0.008683975199062624,0.0
148,0.052494886901104626,0.0
149,0.16949215768745052,0.0
150,0.4051101091512191,0.0
151,0.7752283091542682,0.6793442
152,1.2374502519707036,0.0
153,1.7470073532147823,0.0
154,2.4193322215361555,1.2738483
155,3.646403805974681,0.0
156,5.934223631112743,3.5914786
157,9.382717631945034,8.717161
158,13.145221336339313,15.458147
159,15.544211902693899,21.593365
160,15.154343203603874,26.33971
161,12.026772360499692,19.647038
162,7.7097629872472115,11.702036
163,3.9734222067011737,4.369688
164,1.6412688358321192,0.89853406
165,0.5397634111896282,0.0
166,0.1358198757123063,0.0
167,0.01883257735559176,0.0
168,-0.007523953549497494,0.0
169,-0.009678157897161832,0.0
170,0.002183146182324596,0.0
171,0.050328815218698614,0.0
172,0.20870077308507748,0.0
173,0.6382398089859357,0.0
174,1.6010580894206747,1.4576507
175,3.4187161120274783,5.344814
176,6.386715397050373,10.916443
177,10.73460817527415,17.221733
178,16.63489214496889,23.534142
179,24.048714385861913,30.337559
180,32.2559472829308,39.847248
181,39.554818541209386,47.200974
182,43.881541104189544,49.230972
183,44.07752286168554,47.807472
184,40.493540884974024,45.295586
185,34.38918040173152,39.97013
186,27.057165821848564,33.38726
187,19.54456870459432,23.531391
188,12.749530942944688,14.8316965
189,7.371406499845611,11.996732
190,3.7090797195550866,16.343683
191,1.597410627756497,0.0
192,0.5814199738213373,0.0
193,0.18697752707714554,0.0
194,0.10369261684837688,0.0
195,0.24592568828679984,0.0
196,0.7602797345062188,0.0
197,2.0278758920420437,0.0
198,4.6029628562175455,2.6457503
199,9.01456368313109,7.2212696
200,15.45710898993769,14.316906
201,23.541713493824023,21.555202
202,32.30216237689407,28.83295
203,40.48985929772462,37.896637
204,46.95832027262156,48.805004
205,50.89496141848983,54.113235
206,51.85639436207947,55.38457
207,49.738257761447926,54.181747
208,44.76391116534974,51.48884
209,37.49419181466452,42.39734
210,28.853851476888813,32.06087
211,20.081123760450506,21.49081
212,12.439466793875583,13.2651005
213,6.763532225940654,9.75951
214,3.189961628198063,9.897598
215,1.2902549922841304,0.0
216,0.4412462074605708,0.0
217,0.13027352788265684,0.0
218,0.06669349526504177,0.0
219,0.1684075825305613,0.0
220,0.524425312360309,0.0
221,1.3697957970715602,0.0
222,3.0458600702776217,1.1344491
223,5.939622341507411,4.255393
224,10.412312445451247,9.21673
225,16.671153870742927,14.403922
226,24.513800874387627,20.17657
227,33.04869971093713,29.201965
228,40.72023761276129,38.66613
229,45.85356113171052,46.529083
230,47.43695086491748,48.4301
231,45.51275239151621,46.41388
232,40.88211753534136,44.39155
233,34.526455164288734,40.794914
234,27.29917377044853,33.022335
235,19.956227377014816,22.921635
236,13.239145048676486,13.256354
237,7.799761782076296,10.791249
238,3.9922043852363127,16.227272
239,1.7391423395019392,0.0
240,0.6332151779850075,0.0
241,0.19845157531013388,0.0
242,0.10681250879212774,0.0
243,0.2614835583011355,0.0
244,0.7995122705359642,0.0
245,2.056010234897865,0.046144277
246,4.449411710137737,2.5070627
247,8.28756356910367,6.700689
248,13.596692492318457,13.13246
249,20.07287613077519,20.899273
250,27.10737460847472,28.254782
251,33.804692940295325,34.91423
252,39.04854453541917,41.00185
253,41.77609542330875,48.33896
254,41.4654003483254,48.07259
255,38.457616346459034,43.905235
256,33.67229661773648,38.56974
257,27.95298741396549,31.105398
258,21.808848948044414,24.303707
259,15.70272869540009,17.300337
260,10.245654949851836,10.522053
261,5.974326609392389,5.440783
262,3.0742367646724116,6.133604
263,1.3735132082643684,0.0
264,0.5201183314025879,0.0
265,0.16007809781039636,0.0
266,0.03679306056527527,0.0
267,0.012421013421304677,0.0
268,0.04060556113948055,0.0
269,0.1303694132417232,0.0
270,0.320345184120085,0.0
271,0.6725465503098333,0.38748387
272,1.2925345042158833,2.5588367
273,2.327217009124104,3.8303125
274,3.8376047562820963,5.046309
275,5.589703414986042,5.7303615
276,7.084007997646618,7.046364
277,8.00213564941114,10.216938
278,8.594192227146175,14.235383
279,9.367107478151901,16.035957
280,10.32670353068029,17.563385
281,10.758096916551342,14.221416
282,9.902379569604404,13.879559
283,7.74653187750488,8.137478
284,5.055472746562781,5.1042004
285,2.7250439909361863,2.400286
286,1.2026889227952517,0.0
287,0.42787342127740075,0.0
288,0.11685924001888848,0.0
289,0.019807541700597085,0.0
290,0.003588724703744767,0.0
291,0.030200861760358994,0.0
292,0.12778639442227352,0.0
293,0.3936551298669036,0.0
294,1.025760297446477,0.34231898
295,2.3458969696637917,3.309005
296,4.737389319456203,7.6479993
297,8.421835892928318,11.569241
298,13.131674138006366,17.7467
299,17.977127029499517,25.344196
300,21.7741650421752,29.854544
301,23.648736771040056,32.640484
302,23.408090055384974,31.296637
303,21.462853766567896,26.700317
304,18.49096681272242,19.449387
305,15.072370511386769,13.249189
306,11.517315960523929,8.081616
307,8.029303935252917,6.765432
308,4.932469877385822,2.0273585
309,2.5898878186748777,0.0
310,1.1371743083250676,0.0
311,0.41089695327402354,0.0
312,0.12018772061348375,0.0
313,0.029029569078514,0.0
314,0.013319813534517073,0.0
315,0.03812160646582768,0.0
316,0.12794353843114625,0.0
317,0.3583594560701215,0.0
318,0.8533047040511073,0.0
319,1.760517852896366,0.80055916
320,3.1929132930115034,2.1158013
321,5.164422892009121,2.9497807
322,7.56933049238404,5.054192
323,10.198142914112772,6.5363646
324,12.709924254700422,10.578144
325,14.595212691774229,16.590837
326,15.3337904380104,21.340342
327,14.75535599273918,22.585468
328,13.209016141501511,17.580906
329,11.258400365881329,13.9168
330,9.241209688085576,9.744902
331,7.20275453142562,7.232799
332,5.161763008368392,3.3274822
333,3.2859658244432506,0.0
334,1.8052840981450806,0.0
335,0.8363041594743165,0.0
336,0.3204956801461969,0.0
337,0.10096076606432171,0.0
338,0.03224211744554456,0.0
339,0.03838722319407868,0.0
340,0.11969107040493357,0.0
341,0.35334616570149024,0.0
342,0.9106534054202466,0.0
343,2.0737026034220993,1.5580814
344,4.2047899103076345,4.9088116
345,7.610194006206813,8.043796
346,12.331812119561727,11.776841
347,17.99094506056156,15.215439
348,23.79743244613953,16.376871
349,28.75109858522861,25.056522
350,31.963519562443658,29.92165
351,32.91302334185542,33.746246
352,31.48758460133589,33.32481
353,27.930951437283312,23.48698
354,22.828391352051995,18.662827
355,17.027331755921793,13.988067
356,11.430013242460443,9.042175
357,6.774540962239918,5.108208
358,3.466879384093434,0.0
359,1.4973588854847035,0.0
360,0.5328714012372481,0.0
361,0.15088660629590397,0.0
362,0.037173265943563724,0.0
363,0.040704214771173385,0.0
364,0.1464187100587295,0.0
365,0.44599018720796924,0.0
366,1.1140339390872551,0.0
367,2.3523922106471775,0.6202383
368,4.303208792668122,0.0
369,7.031025596331846,0.82863736
370,10.619733460135244,4.5268807
371,15.158545199924934,12.196337
372,20.378505979774257,20.360512
373,25.243016112804913,25.443932
374,28.161822134125025,30.245287
375,27.904537850256876,30.882837
376,24.44330694319482,25.234943
377,18.9788728969109,17.706024
378,13.177571869692432,11.151919
379,8.28712773944268,7.2098966
380,4.768671103795509,2.1407282
381,2.5052834247226397,0.0
382,1.177858474409057,0.0
383,0.47843476095205206,0.0
384,0.15956910442872663,0.0
385,0.04240617416150981,0.0
386,0.02854591458117499,0.0
387,0.11448982515507516,0.0
388,0.4249522483857835,0.0
389,1.2683937015410545,0.0
390,3.15480408584956,0.76020396
391,6.661322749266689,5.237122
392,12.117319925714774,10.109636
393,19.285287381588482,18.110958
394,27.284632400232315,25.597267
395,34.77254404298752,31.282347
396,40.21095262702484,36.856537
397,42.24858076642217,41.741394
398,40.37628180584176,42.740868
399,35.477640984568524,40.077515
400,29.44373242679044,36.477196
401,23.854269555631067,34.600777
402,19.038775776050745,30.023787
403,14.512899738488862,20.032557
404,10.056796267741685,12.020271
405,6.0849172863198335,6.426297
406,3.140879636228288,2.5945313
407,1.3722680317355702,0.0
408,0.5156152973400642,0.0
409,0.18768344240492202,0.0
410,0.12063430656480878,0.0
411,0.24329599611835287,0.0
412,0.7009012483331101,0.0
413,1.87215531468853,0.0
414,4.3244335698020775,2.7747557
415,8.609294638703798,7.559975
416,14.931221942830092,14.408696
417,22.897364172258783,22.253845
418,31.555833150014905,31.71931
419,39.711377355330754,40.086357
420,46.29321149662782,49.0326
421,50.54681573049724,57.389587
422,52.005551646099875,61.031906
423,50.392992753331264,60.217472
424,45.66055609562161,56.660965
425,38.211204247032164,46.32349
426,29.094885494740446,34.48162
427,19.857932135195707,21.692596
428,11.991073298388697,13.308411
429,6.337750216632527,6.2015934
430,2.905112844575217,5.965076
431,1.1430895810429782,0.0
432,0.38008435741964125,0.0
433,0.10835232160699465,0.0
434,0.05812150189913486,0.0
435,0.17108129194550917,0.0
436,0.5860212003658842,0.0
437,1.6526331834871988,0.0
438,3.8857463364375224,1.6917058
439,7.759379156506261,5.4684677
440,13.388830433347602,9.238839
441,20.333573634447358,18.457409
442,27.726543248087197,29.278759
443,34.623173279959076,35.623047
444,40.25263017598419,41.049606
445,44.04174812865807,50.246468
446,45.57268521026881,54.71742
447,44.591991934758134,56.457443
448,41.042522500413874,55.02985
449,35.16198159886108,45.822197
450,27.6523114188265,33.43948
451,19.67409842359107,22.358149
452,12.490898161358293,14.451013
453,6.982852021997478,9.852678
454,3.3895953733583664,10.490355
455,1.4064948606528578,0.0
456,0.4897537812046853,0.0
457,0.14494494635618937,0.0
458,0.07285606530831105,0.0
459,0.19380710023096026,0.0
460,0.6474140797320516,0.0
461,1.8019708505249612,0.0
462,4.204328741323228,2.3784401
463,8.379607764477685,6.996889
464,14.517562650459187,13.91297
465,22.243057207342034,21.431274
466,30.657253754457287,31.590525
467,38.62892687877605,39.84796
468,45.1254520513582,48.98091
469,49.38515400491598,56.47329
470,50.91087086794184,59.825478
471,49.42764825761854,59.280006
472,44.94899881454774,55.642784
473,37.93770309075001,46.07674
474,29.38230575925408,34.43966
475,20.621102498621287,22.551249
476,12.939800343531324,13.671005
477,7.157724851398822,7.139607
478,3.438552321878276,6.9258122
479,1.4116685088395915,0.0
480,0.4860682580876836,0.0
481,0.14172804188538132,0.0
482,0.06811282509461547,0.0
483,0.17833623486696282,0.0
484,0.5995446745318949,0.0
485,1.6798201679808273,0.0
486,3.94614509363002,1.9029458
487,7.921930797100067,6.6619163
488,13.826526869482212,13.103159
489,21.33457852632449,21.877527
490,29.58543014868053,31.835037
491,37.452852740138226,41.350407
492,43.88696299830792,48.798733
493,48.10635748760944,55.358994
494,49.5942735581215,58.635643
495,48.06425303985407,59.239635
496,43.559816035755034,55.86326
497,36.61874998825254,46.07376
498,28.277825896733255,34.648666
499,19.830511688258447,22.867302
500,12.459130967196458,13.644212
501,6.907433064141218,7.4565673
502,3.325937666316085,7.501675
503,1.3679956654538843,0.0
504,0.4717389544249778,0.0
505,0.13821754149837925,0.0
506,0.06938594011212869,0.0
507,0.18528301823850898,0.0
508,0.617300996637603,0.0
509,1.7143138622445424,0.0
510,3.9994208813990166,2.5049977
511,7.990490817102021,6.930753
512,13.907194736628913,13.664989
513,21.43337249064946,21.681528
514,29.718324343096658,32.75873
515,37.63419148745069,39.77358
516,44.11434446797432,45.938393
517,48.36281687940812,52.35865
518,49.87461447398,56.04546
519,48.384801747414095,56.68899
520,43.90864832203364,53.165604
521,36.901578705729136,43.305504
522,28.365299828742096,32.249035
523,19.680968725889294,22.01007
524,12.16542494833448,13.996035
525,6.6131133782994915,7.5474815
526,3.1198714894935042,4.778672
527,1.2585831259502085,0.0
528,0.42505320310202543,0.0
529,0.11469337897993631,0.0
530,0.023354392057026607,0.0
531,0.01960620103223175,0.0
532,0.09011449845761689,0.0
533,0.32090868221220115,0.0
534,0.9218879960920738,0.0
535,2.2561816365582703,1.5068107
536,4.796767826154437,6.730337
537,8.924109712230816,13.340129
538,14.556383880232113,22.022888
539,20.818548786666813,29.289392
540,26.116715075890845,34.781277
541,28.773121346441954,36.02295
542,27.87599010381102,32.3523
543,23.777296227719788,24.877956
544,17.94373354268899,17.492554
545,12.225035609504683,8.066073
546,7.908244606696579,3.4525063
547,5.198732468063337,5.8715444
548,3.5313827305899297,4.360377
549,2.3136550683072405,0.34659508
550,1.3358051353718587,0.0
551,0.6387491706818934,0.0
552,0.242677412578992,0.0
553,0.07126134948493218,0.0
554,0.029245274902103158,0.0
555,0.08610106740249493,0.0
556,0.31918288493631347,0.0
557,0.9259517294209697,0.0
558,2.154108998570096,0.0
559,4.0987634340334225,2.3445864
560,6.483006474662965,5.1217666
561,8.719721823332048,7.0799823
562,10.35442352027807,9.58387
563,11.552048568610118,3.9229238
564,13.04937275896217,2.433552
565,15.37321945812364,5.663812
566,17.995837196998878,12.412716
567,19.54219100121575,18.581802
568,19.061052215418346,18.526157
569,16.842277482886466,14.780272
570,13.84124817344393,11.330948
571,10.717847849666295,9.439844
572,7.688470552451901,5.457434
573,4.93186902418578,1.4609892
574,2.732412701547133,0.0
575,1.2729450121089783,0.0
576,0.4876421719176378,0.0
577,0.15342994414866076,0.0
578,0.06169033799593172,0.0
579,0.1273429229964618,0.0
580,0.4230830844884842,0.0
581,1.1919678052893536,0.0
582,2.8188120453467738,0.8688034
583,5.703440474646178,5.32223
584,10.047148020258282,10.289124
585,15.670360542473691,19.061111
586,21.941603572838833,24.363346
587,27.738333067171155,26.895435
588,31.486696538696187,29.102406
589,31.69545480859603,29.874664
590,28.060309922490973,28.82944
591,22.08842270089379,22.9044
592,16.164138774259257,18.624195
593,11.795116952259024,14.89554
594,8.911016042632971,14.731688
595,6.696443359388073,12.194723
596,4.65697556892234,7.1839795
597,2.847045994749868,5.248759
598,1.489307982903662,0.0
599,0.6548506599289233,0.0
600,0.23701862202983243,0.0
601,0.07212840701374998,0.0
602,0.04711463168590861,0.0
603,0.15458098149980015,0.0
604,0.5282480952929284,0.0
605,1.4602106558370218,0.0
606,3.3218527044467554,1.7289702
607,6.3262052329830185,5.38851
608,10.25772686404769,10.598472
609,14.477885159507117,18.670881
610,18.35072607445675,24.66756
611,21.730914328981132,28.548647
612,24.93336059893864,31.429869
613,28.099357491737344,33.772137
614,30.592672528865464,33.65895
615,31.119227227542112,31.431835
616,28.60266071866561,25.94598
617,23.137224434017647,20.6363
618,16.16480770369184,16.42915
619,9.63360161532428,7.283383
620,4.862947694347956,1.2369125
621,2.0726596843024017,0.9650228
622,0.7431241133469989,0.0
623,0.21973421935963428,0.0
624,0.04792579809507116,0.0
625,0.0018419017115865821,0.0
626,-0.0035296164374836237,0.0
627,0.012762677770373532,0.0
628,0.06529466366575692,0.0
629,0.1954707326771046,0.0
630,0.4709241069973149,0.0
631,0.974675562292162,0.0
632,1.7762016445597562,0.0
633,2.898523432467478,0.0
634,4.3160252457149415,0.0
635,5.985767055486884,0.0
636,7.8932704923172246,1.9877989
637,10.088529661552881,6.0382953
638,12.635722706465394,11.677774
639,15.375092734072481,16.779432
640,17.652841590318264,22.329617
641,18.449229957541228,23.692032
642,17.033883118872275,20.223598
643,13.61206369002363,18.56057
644,9.293271996022984,9.652424
645,5.376142893155098,7.3866467
646,2.6196451581474367,5.7887516
647,1.0678340721848618,0.0
648,0.35911467035617495,0.0
649,0.09823567970747055,0.0
650,0.03783993143525668,0.0
651,0.09769432021993472,0.0
652,0.3505542172401865,0.0
653,1.0361591352987174,0.040432006
654,2.5812801061052832,1.835335
655,5.544890897632825,5.386707
656,10.41799978843125,11.625441
657,17.294195183165655,20.220852
658,25.57618368429912,28.239258
659,33.95804135558224,34.486286
660,40.79672133804243,41.85659
661,44.71223233791366,47.40164
662,45.07240159339436,51.30462
663,42.10111414524423,51.687614
664,36.63776580143879,49.457664
665,29.776573151745055,42.317917
666,22.55956390868752,30.94068
667,15.799101201543198,19.781702
668,10.058429497847573,13.926537
669,5.687899003065442,9.674595
670,2.785843582451332,9.712168
671,1.1537492881756213,0.0
672,0.3944812267059977,0.0
673,0.11223711934673825,0.0
674,0.056979766663693,0.0
675,0.16366159079042208,0.0
676,0.558473548619481,0.0
677,1.565835703038721,0.0
678,3.6450901659732393,1.4873273
679,7.1637628074483635,5.8709145
680,12.083079876976967,12.442692
681,17.863148921343104,20.423794
682,23.79561034574916,28.418848
683,29.42837773429118,33.465115
684,34.457722079174644,38.51937
685,38.10457702489729,43.478577
686,38.92110684416758,42.520523
687,35.72135574964374,38.43461
688,28.88156964553859,32.38814
689,20.478196841985397,23.547009
690,12.916647002877724,15.990133
691,7.465395341207078,9.634897
692,4.055970351031187,3.67226
693,2.060519182457898,0.74088764
694,0.9412950949458376,0.0
695,0.36670107198681334,0.0
696,0.1139189075883596,0.0
697,0.024742563891151623,0.0
698,0.010500154183983392,0.0
699,0.053996446142036456,0.0
700,0.22251019545090184,0.0
701,0.7057857754288829,0.0
702,1.8652057248550602,0.5535692
703,4.219576610905196,3.0871847
704,8.283555542959263,7.158602
705,14.275202860451703,14.442326
706,21.82504168099357,19.140982
707,29.844268167568686,27.857918
708,36.67203175349274,36.00196
709,40.59479879587035,40.93087
710,40.607204618915304,42.245903
711,36.92769798653987,38.529404
712,30.82960236670496,33.341396
713,23.896097057122482,27.470715
714,17.30195334790516,18.291721
715,11.628992111747536,14.090027
716,7.114186802946175,10.028587
717,3.856856220665752,7.880648
718,1.8037990610008976,2.7819169
719,0.7091138976544066,0.0
720,0.22614822969907108,0.0
721,0.05326544702964648,0.0
722,0.006349696321477226,0.0
723,0.00951717670240589,0.0
724,0.059019964545269324,0.0
725,0.2025249528027289,0.0
726,0.5306048087181189,0.0
727,1.1637245955883602,0.0
728,2.2374214654606863,2.4914627
729,3.9027936699194714,4.4788013
730,6.312239744169263,6.212295
731,9.542574344539677,12.4334345
732,13.442348830281576,15.587555
733,17.470047069005663,23.079697
734,20.67739985969279,26.330545
735,22.038881510309754,22.224594
736,21.048302593580225,18.616512
737,18.0604004238563,14.4273615
738,14.009275897952534,11.080639
739,9.841282707965156,7.2806425
740,6.204746704785054,3.076562
741,3.4440825024122512,0.0
742,1.6435086215511878,0.0
743,0.6578615297891444,0.0
744,0.2138553168264778,0.0
745,0.05368611840586197,0.0
746,0.018743096659992617,0.0
747,0.06177160955547617,0.0
748,0.24082696782170915,0.0
749,0.735468107823147,0.0
750,1.862385126784527,0.97052467
751,4.033538515066545,4.356083
752,7.630249112362376,9.603306
753,12.810704685029439,15.616801
754,19.30390877850115,21.55891
755,26.2885676346328,29.152012
756,32.52791447170597,36.87729
757,36.821407617492596,44.50048
758,38.49653088994988,46.746925
759,37.5427907033331,45.98227
760,34.35485633050583,42.48074
761,29.45301601889588,35.026752
762,23.443141674889524,27.544382
763,17.080265860039226,18.36982
764,11.198080012059322,12.811566
765,6.483787492715264,11.164202
766,3.252612111174206,9.010655
767,1.386797730825854,0.0
768,0.49212681715406725,0.0
769,0.14260735398765853,0.0
770,0.048103832912566286,0.0
771,0.0967946813326542,0.0
772,0.35035068813627124,0.0
773,1.0567436890084903,0.0
774,2.6497583917452925,1.3366461
775,5.6496791513684945,4.5484033
776,10.42802959377335,9.81719
777,16.931285784036625,16.166609
778,24.518033879389638,20.659992
779,31.9644191138432,27.376799
780,37.61420484058041,34.315887
781,39.793009169130045,36.358467
782,37.61420623923996,33.42733
783,31.717712941987102,27.690098
784,24.05897534257344,22.92097
785,16.709444267908275,17.527088
786,10.813708687194726,11.849259
787,6.547022205810846,8.44373
788,3.658971246610524,3.9744465
789,1.846955848190548,0.0
790,0.823492340973415,0.0
791,0.31594014674016235,0.0
792,0.09911464394723224,0.0
793,0.022688095581381972,0.0
794,0.010911028760129515,0.0
795,0.05215801135305935,0.0
796,0.1982643773085287,0.0
797,0.572791703292267,0.0
798,1.3566661195070298,0.0
799,2.7166651725818305,1.688719
800,4.700555368398664,4.2525153
801,7.176908386403467,6.1524944
802,9.873227510917538,8.290029
803,12.454415584010004,14.179626
804,14.554414198933838,17.957176
805,15.791753764878372,15.761757
806,15.887350483295432,19.794022
807,14.845411564444847,21.174644
808,12.966551790551463,18.218245
809,10.632398145282735,12.978537
810,8.126795944104648,7.781442
811,5.674670690048071,3.9047272
812,3.5283625403541095,0.0
813,1.9088708862242583,0.0
814,0.8824387017798503,0.0
815,0.34326234332311517,0.0
816,0.1105948322134489,0.0
817,0.02984153450253595,0.0
818,0.014112024272904965,0.0
819,0.043410692997517736,0.0
820,0.16781366485250657,0.0
821,0.5369910244940351,0.0
822,1.4232116140891768,0.0
823,3.174948774743937,2.2579262
824,6.078953618161989,5.2845607
825,10.20996713901912,8.739815
826,15.371632844802896,14.823382
827,21.05462948045057,20.893208
828,26.343132478365398,27.244896
829,30.028679461609933,31.748985
830,31.20184477984555,32.439133
831,29.84770320940606,31.28796
832,26.68597260922125,28.881264
833,22.476399897441958,19.774788
834,17.690681290460326,15.610004
835,12.740608703769492,10.496633
836,8.186346793850149,6.8680434
837,4.583844304714812,2.6471226
838,2.1909869638547503,0.0
839,0.8765777323815293,0.0
840,0.2861426735489794,0.0
841,0.07313006807071269,0.0
842,0.025409695925068237,0.0
843,0.076223469310314,0.0
844,0.2950198317624976,0.0
845,0.9031917888856201,0.0
846,2.27408046830981,0.19216594
847,4.8180967939433526,2.8728752
848,8.700986062038204,7.320195
849,13.527839499423141,14.103022
850,18.30926492257001,19.25373
851,21.940884650349744,27.506756
852,23.919681756971467,35.438656
853,24.614581543474063,41.47095
854,24.74956432888446,42.60353
855,24.595627979334264,40.419804
856,23.692270601572737,37.951927
857,21.364782503802296,33.992058
858,17.49082418597338,26.585423
859,12.747886860486583,18.193676
860,8.175780482614678,13.366337
861,4.569420584069615,12.056799
862,2.1980137067846357,7.4657865
863,0.894444474868582,0.0
864,0.3002671503974061,0.0
865,0.08189898913382075,0.0
866,0.034991668378718054,0.0
867,0.09474079236344649,0.0
868,0.3113685930144874,0.0
869,0.8279234246612857,0.0
870,1.8377555088954807,0.78627384
871,3.5139710903198416,3.4049027
872,5.896276590848872,7.1553426
873,8.727414682555239,12.451344
874,11.352051490818988,13.62163
875,12.91708695577326,13.7243805
876,12.862045905950051,15.014576
877,11.275950346384063,16.172087
878,8.80433319504463,18.597054
879,6.248642786969111,16.231068
880,4.174046531404364,7.653823
881,2.743336451120754,6.0727153
882,1.8247314718529661,8.1331415
883,1.2151731807952009,6.832729
884,0.7790392917426404,2.1139941
885,0.4593587550729299,0.0
886,0.23760299084283948,0.0
887,0.10182178035263384,0.0
888,0.03218537944740972,0.0
889,0.005935102108418638,0.0
890,0.011741627022940328,0.0
891,0.06685068572362622,0.0
892,0.23376411851198964,0.0
893,0.6191728679477683,0.0
894,1.3366774927519955,0.37127057
895,2.461452154146298,3.1435838
896,4.062588627368157,7.1283355
897,6.293468532882924,11.046416
898,9.303709335739553,15.287025
899,12.866562452982068,21.098537
900,16.160131326219968,26.544468
901,18.234637169309806,29.452671
902,18.79219914097648,28.06671
903,18.26915929009149,27.05676
904,17.09332442614849,24.30438
905,15.188778186682836,19.618538
906,12.37832209040916,14.734418
907,8.969918534060008,13.569619
908,5.682339119369009,8.771599
909,3.121697972527083,8.097813
910,1.4753677354130779,0.0
911,0.5907134253241852,0.0
912,0.19426678930335237,0.0
913,0.05115341468795729,0.0
914,0.028605494215146736,0.0
915,0.11006971629456143,0.0
916,0.4177997663599737,0.0
917,1.2644255188401998,0.0
918,3.160547366865905,1.1989375
919,6.662128774531954,4.8380494
920,12.03870078547882,9.400185
921,18.955530807842518,16.591722
922,26.43531300580093,22.93821
923,33.15648337410071,32.053932
924,37.866269717826235,39.955215
925,39.67271961245738,42.874016
926,38.2233752239344,42.818977
927,33.86894899443057,39.952885
928,27.65839254241841,35.16
929,20.932006839038507,28.480223
930,14.742434676574163,20.599777
931,9.616667065353742,14.1669235
932,5.717825891276188,11.484394
933,3.031374351253625,9.671261
934,1.4015448378164894,2.5793211
935,0.5523794177278142,0.0
936,0.17962697656326745,0.0
937,0.047637380495711076,0.0
938,0.03060865188029281,0.0
939,0.11913779049298581,0.0
940,0.44323200996109335,0.0
941,1.3199434843372175,0.0
942,3.257233708826202,1.3901193
943,6.806228304669624,5.377439
944,12.271173504855323,10.702836
945,19.462213735429337,17.701712
946,27.675631973318456,26.223572
947,35.84964157183488,35.95864
948,42.757706055710635,44.412743
949,47.248460077754146,49.207054
950,48.542609850823055,51.89506
951,46.429136055770314,52.145218
952,41.274168122971,48.57761
953,33.93679752988142,39.024548
954,25.612763961971588,28.098986
955,17.55684773630533,17.69117
956,10.774364880264194,11.386368
957,5.813439402227254,8.67934
958,2.703235036595905,1.7984793
959,1.0608925656978445,0.0
960,0.3425361332900166,0.0
961,0.08840532098260011,0.0
962,0.03262779856167735,0.0
963,0.09510682916871176,0.0
964,0.3644161656689988,0.0
965,1.1237970712831826,0.34313753
966,2.8688110306783434,2.2775478
967,6.1961501624241295,5.8452797
968,11.507871923718362,11.34873
969,18.67167635812485,19.217085
970,26.905599421705034,28.600197
971,35.013726900552015,35.075207
972,41.797434433322145,41.664494
973,46.343630626741984,47.426777
974,48.07629196648793,51.509865
975,46.71263052311264,52.973938
976,42.30603245666096,48.55594
977,35.38130140826393,39.93544
978,26.98990452388753,28.999504
979,18.516422566527922,19.713203
980,11.252598796072782,10.971482
981,5.9630370472198635,6.227876
982,2.711715115830597,2.0625975
983,1.0400075213967772,0.0
984,0.3283579050392696,0.0
985,0.08327066481103836,0.0
986,0.03315867911314454,0.0
987,0.10190201897403564,0.0
988,0.3817432166206744,0.0
989,1.1480120322155485,0.0
990,2.85363400140442,1.7738364
991,5.996282271566652,5.5806155
992,10.857372411878258,11.301607
993,17.291608001229474,19.11379
994,24.73742219305722,28.417768
995,32.3700914393734,36.661827
996,39.21437370601221,43.28531
997,44.24054102839194,48.37702
998,46.56357008292967,51.392857
999,45.677677787592046,52.47081
1000,41.59060069417762,49.412323
1001,34.866348498158125,40.75834
1002,26.596754722919226,29.733208
1003,18.20072457878735,20.881962
1004,11.004068487181893,11.094492
1005,5.788435901757387,5.8622427
1006,2.6097288230617477,0.0
1007,0.9924348036223319,0.0
1008,0.31096740182407856,0.0
1009,0.07768116450998953,0.0
1010,0.028340606220330432,0.0
1011,0.0883576089508926,0.0
1012,0.34294617627355306,0.0
1013,1.0584711074282818,0.0
1014,2.6883116088552748,1.0666182
1015,5.748876299355496,3.5548968
1016,10.53087655758279,8.727575
1017,16.820738315859074,15.829092
1018,23.90969638501193,23.154161
1019,30.919796369352387,30.611197
1020,37.08606610759086,38.07099
1021,41.68440014656411,42.605644
1022,43.84303100219946,44.719254
1023,42.72426334422941,44.29683
1024,38.09372422393133,40.67458
1025,30.752839998888955,32.688152
1026,22.344726613405378,24.423954
1027,14.592744067972262,13.747679
1028,8.567635056238759,7.8415875
1029,4.504263343871468,4.1427913
1030,2.0925230635641694,0.0
1031,0.8389741434289585,0.0
1032,0.2801974797512472,0.0
1033,0.07487662049719665,0.0
1034,0.02980582079065861,0.0
1035,0.09236441016851385,0.0
1036,0.3536957319483539,0.0
1037,1.0828924353706808,0.0
1038,2.7406334203747633,0.0
1039,5.872983394531467,1.7707653
1040,10.84872553994931,8.321866
1041,17.56200907226583,15.17717
1042,25.31879516533761,21.943424
1043,33.02013833300343,32.324482
1044,39.52332338456819,41.43238
1045,43.92995235788613,47.861702
1046,45.66192742287482,50.498657
1047,44.417372340845986,51.789196
1048,40.19970134823792,48.54142
1049,33.47737091947948,39.925926
1050,25.296713001886864,29.868273
1051,17.0939576034954,18.965128
1052,10.189709408763667,10.522615
1053,5.29151887831265,6.3953834
1054,2.3642650127416,0.0
1055,0.8953298017875171,0.0
1056,0.28023509551421966,0.0
1057,0.06990220679372064,0.0
1058,0.027173330507100853,0.0
1059,0.08938331789638912,0.0
1060,0.34530573433139206,0.0
1061,1.0571810021880363,0.0
1062,2.6650289392468864,1.209741
1063,5.662345460496132,0.5451839
1064,10.29839949560555,3.6548822
1065,16.25730634312822,10.187082
1066,22.563971461505012,16.303385
1067,27.896382814666424,22.392954
1068,31.197905383467997,28.44701
1069,32.145314879491224,32.59802
1070,31.03391675216401,33.033165
1071,28.2967734235522,30.785599
1072,24.330570246253078,26.414268
1073,19.671847569277652,22.27916
1074,14.956271048122922,18.783958
1075,10.63655854838517,9.477634
1076,6.93402596454729,7.2585664
1077,4.011148031343229,4.402373
1078,1.9905923664559926,0.0
1079,0.8231098776391882,0.0
1080,0.2744397183752736,0.0
1081,0.06871856556203604,0.0
1082,0.010493532873527996,0.0
1083,0.010771018472525309,0.0
1084,0.05513484786528194,0.0
1085,0.17159100568231114,0.0
1086,0.4025874208928606,0.43020394
1087,0.7768600410628872,0.6743105
1088,1.2952401149753892,0.0
1089,1.940752994129153,0.03407553
1090,2.696062413761685,2.0834281
1091,3.5670371373720484,0.24235895
1092,4.685284093314234,0.08622196
1093,6.436245171672992,2.8790295
1094,9.278973356262672,8.6473055
1095,13.10480913345031,18.806524
1096,16.761041056123716,28.220234
1097,18.558247692431163,31.132938
1098,17.490320675321097,25.21347
1099,13.966653986207426,13.899729
1100,9.426775785154446,8.628149
1101,5.353227878288905,10.702582
1102,2.538050621865549,0.0
1103,0.9930618585142399,0.0
1104,0.31355423895321666,0.0
1105,0.07497499757275428,0.0
1106,0.016878734037738694,0.0
1107,0.04430251587369056,0.0
1108,0.1938095974843473,0.0
1109,0.6327307488773428,0.0
1110,1.6595903915345178,0.31117657
1111,3.609569060323966,3.2381322
1112,6.644347445872343,7.8542867
1113,10.607469497422702,12.752453
1114,15.155315910498974,20.078308
1115,20.025196106713768,28.219963
1116,25.022546140271274,34.812256
1117,29.665257232266313,40.768955
1118,32.9691237196066,42.06305
1119,33.765111589330544,40.430664
1120,31.37030600601364,37.25246
1121,26.102778541926575,33.089294
1122,19.24872381184604,24.153812
1123,12.471056327189006,14.534203
1124,7.049731668168505,7.9748945
1125,3.4567605231853546,10.261947
1126,1.460682030785847,0.0
1127,0.5254697038806548,0.0
1128,0.15536311726862806,0.0
1129,0.032615798876304045,0.0
1130,0.0017127181026265854,0.0
1131,0.010533459127456141,0.0
1132,0.07460514548724731,0.0
1133,0.28369726396994677,0.0
1134,0.8340474115272228,0.0
1135,2.049651481785094,1.6531583
1136,4.354065101636642,4.6578403
1137,8.173360142915685,7.1722355
1138,13.748407345983054,11.162574
1139,20.85153757328998,20.564476
1140,28.55356531412258,28.79517
1141,35.34853274612145,37.043427
1142,39.72919195478228,40.6221
1143,40.804284274021285,39.4345
1144,38.48086393957281,34.664894
1145,33.27635521050969,31.720222
1146,26.149010803249425,25.85543
1147,18.402576029362997,19.344051
1148,11.407016386673643,13.97167
1149,6.1262977378452135,16.398844
1150,2.80617628833101,0.0
1151,1.0782448473461435,0.0
1152,0.339000529375319,0.0
1153,0.08146153302216753,0.0
1154,0.012152969032563375,0.0
1155,0.013939307557259962,0.0
1156,0.08446787633484014,0.0
1157,0.323257857381597,0.0
1158,0.9647585569143295,0.0
1159,2.3976735440344252,2.1825223
1160,5.089889369599982,5.6125207
1161,9.364137787579363,11.268154
1162,15.07177138009682,15.161467
1163,21.35664867473306,23.759886
1164,26.779784567398465,31.761053
1165,29.892387211623333,37.538696
1166,29.945002336927338,39.329323
1167,27.216547613707547,37.35269
1168,22.73292859943188,32.425823
1169,17.651528748550895,25.200138
1170,12.800608417029892,19.534012
1171,8.609544121338292,14.992467
1172,5.271915064245681,10.948601
1173,2.8651285524864734,10.198001
1174,1.3449466633178802,0.0
1175,0.5299930264115698,0.0
1176,0.1683830280958108,0.0
1177,0.03989184997815231,0.0
1178,0.015710278025630905,0.0
1179,0.06770327273973302,0.0
1180,0.2811342631389952,0.0
1181,0.9014256588886179,0.0
1182,2.375735723978749,0.22758064
1183,5.278264672571674,2.8227437
1184,10.035421188393842,7.3522935
1185,16.532075631556133,14.506986
1186,23.886801974817672,21.25548
1187,30.669346210436515,28.673164
1188,35.49786994302135,35.761997
1189,37.6324221191183,40.226196
1190,37.19748287826999,42.407707
1191,34.90667521874858,45.137657
1192,31.448094473553784,44.939987
1193,27.0391415824538,37.516792
1194,21.64973696854296,27.27675
1195,15.628622037683419,18.222963
1196,9.884900123653688,12.971134
1197,5.364386044984951,10.022198
1198,2.4600520146532667,1.2565453
1199,0.9397380862640401,0.0
1200,0.29238680356322355,0.0
1201,0.07106262882000046,0.0
1202,0.023712078757191276,0.0
1203,0.07727853594209724,0.0
1204,0.3119793900817316,0.0
1205,0.9858948934334666,0.0
1206,2.553605207460869,0.7342198
1207,5.565922826542538,4.152785
1208,10.40748464119043,9.47089
1209,17.004089098104338,16.451054
1210,24.717287892426725,25.324608
1211,32.50716144092542,36.795208
1212,39.23753984397034,43.313942
1213,43.93703899309038,49.568905
1214,45.92240887506621,52.620323
1215,44.82629568049832,52.529305
1216,40.64918001063465,46.02764
1217,33.88855158843,37.326015
1218,25.61562169490167,26.638662
1219,17.285160811335825,18.648268
1220,10.25030285877699,9.980804
1221,5.261899412050855,5.802077
1222,2.3053596620930676,0.0
1223,0.850399666060211,0.0
1224,0.26020727020819234,0.0
1225,0.0650601810319465,0.0
1226,0.017841217723367456,0.0
1227,0.03253916856753455,0.0
1228,0.1274403073747719,0.0
1229,0.41813439436312355,0.0
1230,1.1322059215580362,0.0
1231,2.5768513458788203,2.0625281
1232,5.000365883423468,5.4286265
1233,8.391017914825383,6.707875
1234,12.336279414002941,10.278698
1235,16.041184033116604,12.39372
1236,18.541721794457825,10.037006
1237,19.12714211068021,8.222863
1238,17.7762682232174,9.165216
1239,15.182605343211847,12.405411
1240,12.252690089146547,11.308918
1241,9.5633307958588,10.3650055
1242,7.246749306380494,10.960117
1243,5.225449028752235,7.087756
1244,3.4598074634966958,1.6337893
1245,2.0212272324497094,0.0
1246,1.0042921239870894,0.0
1247,0.4103561936019947,0.0
1248,0.13142740587059637,0.0
1249,0.0296107459028534,0.0
1250,0.011975027591411256,0.0
1251,0.061551829098963735,0.0
1252,0.26081053495708745,0.0
1253,0.8355233284780375,0.0
1254,2.175260831871323,0.42997846
1255,4.738225783173614,3.0024974
1256,8.832393744826824,6.715651
1257,14.454032956113197,11.588495
1258,21.337078749823363,14.502591
1259,29.003309456226944,20.845839
1260,36.54291778537977,28.297384
1261,42.43599348989494,33.074
1262,45.02192408415452,35.485565
1263,43.46349519457246,34.637386
1264,38.281792303160984,29.964031
1265,30.939557475825396,23.131504
1266,22.97838902216862,17.87421
1267,15.533384341915653,13.1172695
1268,9.361225351789951,11.321138
1269,4.901690927269577,14.380166
1270,2.17773046450179,0.29825905
1271,0.8055356286442856,0.0
1272,0.24412995251115213,0.0
1273,0.059403153547375506,0.0
1274,0.012254731447818624,0.0
1275,0.009168832264303177,0.0
1276,0.03513731246113663,0.0
1277,0.11964392294899344,0.0
1278,0.33181728471882227,0.60940534
1279,0.7730228531152874,3.3300161
1280,1.5550338785200393,7.22532
1281,2.7786732880403644,11.611699
1282,4.527445557890416,16.75133
1283,6.839021700654259,23.596794
1284,9.58510576618903,30.029043
1285,12.301513266099562,37.51449
1286,14.204451383397469,41.013813
1287,14.57455289208104,39.004807
1288,13.257877473414222,36.005554
1289,10.772319830004493,31.106369
1290,7.911623969528193,24.929432
1291,5.289157620596613,18.309711
1292,3.199022572360173,14.615929
1293,1.7157579249939388,11.751455
1294,0.7931458244821741,0.0
1295,0.30507627914001034,0.0
1296,0.09153266912924546,0.0
1297,0.016276339306542605,0.0
1298,-0.001599724418158901,0.0
1299,0.011775111429588966,0.0
1300,0.08426380809038257,0.0
1301,0.3217936949523147,0.0
1302,0.9456009378043371,0.08362618
1303,2.278287732296875,2.5871327
1304,4.601097940388384,6.4213414
1305,7.90435217363566,11.079241
1306,11.713565394214145,14.970047
1307,15.224736088587115,22.194834
1308,17.76691104854654,28.617392
1309,19.233808000634895,33.227837
1310,19.989638200332426,34.68673
1311,20.267729058895696,32.38908
1312,19.76930085755954,28.098656
1313,17.98629453256839,23.818733
1314,14.83917807606538,19.164349
1315,10.888472139337935,14.850203
1316,7.000574936305833,14.214633
1317,3.883320517224938,10.359897
1318,1.8260240774416021,0.0
1319,0.7129300869965637,0.0
1320,0.22371972074130228,0.0
1321,0.051946994048929926,0.0
1322,0.011808946281310975,0.0
1323,0.042010464390777214,0.0
1324,0.19493318646522476,0.0
1325,0.6729846157795708,0.0
1326,1.8900675429242353,0.21684346
1327,4.445812964285306,3.0602205
1328,8.872591332603662,7.599454
1329,15.164210502126078,12.635277
1330,22.40411409778546,19.65847
1331,28.90271203997431,28.213322
1332,32.90045860526468,36.217506
1333,33.417758935166894,39.88247
1334,30.698559460625056,38.14617
1335,25.93327055927417,34.263847
1336,20.456881693032685,28.061617
1337,15.121721896393234,20.60809
1338,10.330659668798654,12.46551
1339,6.372614931180919,11.765352
1340,3.481449919133906,3.7611442
1341,1.668501283067028,1.6661298
1342,0.6991398991593979,0.0
1343,0.25449386099982935,0.0
1344,0.07926775517097978,0.0
1345,0.021677383348516967,0.0
1346,0.015236986212635762,0.0
1347,0.05994078881949086,0.0
1348,0.24331091739121194,0.0
1349,0.8023320100459604,0.0
1350,2.169359591432494,0.0
1351,4.86274284163976,1.867094
1352,9.159762924552945,5.27691
1353,14.749850133848764,9.462245
1354,20.739209878032348,15.347382
1355,26.079998532141303,26.258156
1356,30.00794516516575,32.610165
1357,32.12127843115533,37.369205
1358,32.276406594112345,37.679733
1359,30.606736300648656,36.54798
1360,27.497366161129875,33.497166
1361,23.319046850944254,27.179272
1362,18.31672224512447,21.178652
1363,12.920989931306732,15.606304
1364,7.932759791080116,10.264833
1365,4.136738331222327,10.395867
1366,1.8012123107151843,0.0
1367,0.6444488059052662,0.0
1368,0.18357959025119802,0.0
1369,0.03629848675586686,0.0
1370,0.0012186860661520032,0.0
1371,0.009129599225417322,0.0
1372,0.07116888688750107,0.0
1373,0.27434197770309576,0.0
1374,0.8140624849150124,0.0
1375,2.032065231329729,0.82059586
1376,4.409751069012322,3.8289464
1377,8.41175025148292,6.425941
1378,14.027487124921832,10.757233
1379,20.15906187415402,14.524638
1380,24.623203665096803,20.42078
1381,25.390246249956764,25.079914
1382,22.20455342426416,24.403265
1383,16.813822066449664,19.646294
1384,11.489917133832295,14.581001
1385,7.489707111767581,10.6010475
1386,4.83070632883487,9.797457
1387,3.032012610171564,7.8932214
1388,1.7508073329722493,5.069334
1389,0.8788718704711052,0.0
1390,0.36834775357077854,0.0
1391,0.12527741072492354,0.0
1392,0.033324898652165154,0.0
1393,0.006722305525522398,0.0
1394,0.004350959177407288,0.0
1395,0.020230638097696298,0.0
1396,0.08002724082227576,0.0
1397,0.2504969243743711,0.0
1398,0.6458637972210541,0.0
1399,1.4118619858886376,0.0
1400,2.7042818771183494,0.89639723
1401,4.70023642322159,1.739159
1402,7.6085943295214395,2.8834412
1403,11.525196035561226,6.67773
1404,16.106527637600717,10.621513
1405,20.40175534967198,17.772724
1406,23.200814489103525,25.284756
1407,23.671620439815047,25.397646
1408,21.705536097419994,21.634848
1409,17.83376053278006,16.80492
1410,13.003283208921287,12.234093
1411,8.303536513908945,6.398254
1412,4.585807386044406,1.2151248
1413,2.1680229591049502,0.0
1414,0.8685859568408723,0.0
1415,0.28930266671169313,0.0
1416,0.07496097945708831,0.0
1417,0.0098988295869969,0.0
1418,-0.0017443377642518154,0.0
1419,0.01690610825425775,0.0
1420,0.09338032215688001,0.0
1421,0.3106356505862409,0.0
1422,0.8090802796850101,0.0
1423,1.7437636317071044,0.0
1424,3.2018210411139676,1.599343
1425,5.156583828130019,2.5442758
1426,7.545426197519223,3.14446
1427,10.37047910234127,5.978973
1428,13.546636313168586,10.334369
1429,16.52209802851377,20.910835
1430,18.272000329050762,26.355856
1431,18.00592139902469,24.451912
1432,15.846236209373457,18.84935
1433,12.622957180363827,13.721319
1434,9.166862139721793,9.384513
1435,5.99783830511983,5.0520806
1436,3.441537014836741,0.0
1437,1.6808766857153443,0.0
1438,0.6804464103519174,0.0
1439,0.22082635378161508,0.0
1440,0.05215876690430548,0.0
1441,0.004488231022026516,0.0
1442,0.0033831261680504886,0.0
1443,0.04821470529552462,0.0
1444,0.21470927911531223,0.0
1445,0.6924131599162285,0.0
1446,1.8044948204693472,0.0
1447,3.9380630996850585,1.7668576
1448,7.367253517163231,4.9285493
1449,12.078200138143242,8.270402
1450,17.71567950477993,13.879369
1451,23.619588935357864,18.616386
1452,28.87588813251729,24.85724
1453,32.46841286039787,30.23988
1454,33.63994185209208,34.404583
1455,32.24363526101903,29.734257
1456,28.735480846402147,23.648388
1457,23.836732453467327,22.476116
1458,18.246682211333937,16.32984
1459,12.63424032324406,12.159691
1460,7.702542545806603,9.104521
1461,4.024045443147684,5.628673
1462,1.7595517661255484,0.0
1463,0.6298984169110797,0.0
1464,0.17753507052658682,0.0
1465,0.033977073060072166,0.0
1466,0.0037923376498657183,0.0
1467,0.026823019628105536,0.0
1468,0.14098237126726923,0.0
1469,0.5002109214682581,0.0
1470,1.4357168060336156,0.0
1471,3.493399286271298,2.6600137
1472,7.345298248346035,6.4924088
1473,13.483139152929663,12.886431
1474,21.75355200443355,22.257866
1475,31.06911573994015,29.818459
1476,39.66921777777004,37.89389
1477,45.83332866538291,47.560043
1478,48.478093930705185,51.111557
1479,47.27981720547939,49.951035
1480,42.52657768447074,46.70385
1481,35.0307951633317,37.911446
1482,26.098059574234657,29.665316
1483,17.31197072579304,21.783773
1484,10.054707973075402,12.54018
1485,5.0271357792399805,11.185587
1486,2.1255044204044617,0.0
1487,0.7418412619757708,0.0
1488,0.2017545680582429,0.0
1489,0.03286588611921789,0.0
1490,0.0018959981349121226,0.0
1491,0.048497112602855226,0.0
1492,0.24666653343805256,0.0
1493,0.8335534777402268,0.0
1494,2.251128941955138,0.0
1495,5.086885644523151,2.4513657
1496,9.834021564193389,6.254107
1497,16.549968998350007,14.356783
1498,24.642660037523125,23.79182
1499,32.96690096181412,34.619995
1500,40.179102042286026,40.799362
1501,45.11616901012487,52.0268
1502,47.00910247577417,54.868042
1503,45.53304808461763,52.832787
1504,40.82584460702948,48.72805
1505,33.55489538502209,40.44307
1506,24.931247998999112,31.664633
1507,16.476503484938757,20.686672
1508,9.522718045144929,16.884392
1509,4.731596322957752,5.3833
1510,1.9835823052717345,0.0
1511,0.6812369993299722,0.0
1512,0.1751139541224956,0.0
1513,0.01619910648016898,0.0
1514,-0.016317731271812377,0.0
1515,0.015955036033939697,0.0
1516,0.17083917603275364,0.0
1517,0.6570574882986806,0.0
1518,1.8926623318663007,0.0
1519,4.472810078149676,0.61040473
1520,8.937379792579433,5.187074
1521,15.396704341111453,10.286612
1522,23.278541970293794,22.761494
1523,31.42703900800278,29.80788
1524,38.491846852605306,38.966606
1525,43.32602604339691,47.162785
1526,45.189980140139454,52.24904
1527,43.78419721583286,52.339767
1528,39.25639050099754,48.639404
1529,32.26104817868641,38.71345
1530,23.969615118072014,25.909657
1531,15.844690205667629,16.10652
1532,9.162402432649243,13.054258
1533,4.556121637453899,15.338647
1534,1.911989100067589,0.0
1535,0.6577695596238843,0.0
1536,0.1700056148557011,0.0
1537,0.017225885928729565,0.0
1538,-0.011392614647524911,0.0
1539,0.03019462753261147,0.0
1540,0.20925348865927387,0.0
1541,0.7433675954347819,0.0
1542,2.0442363502789953,0.38943067
1543,4.66803658432018,4.6756463
1544,9.094571812310928,9.29566
1545,15.406266148629568,14.348404
1546,23.077669593654605,23.357098
1547,31.04486125775717,33.296555
1548,38.01933344453773,40.968147
1549,42.8468679837969,45.704205
1550,44.729649898563764,49.251083
1551,43.30057088088304,49.28617
1552,38.67692202351616,46.034996
1553,31.555670007632855,36.42936
1554,23.204597054574144,24.324478
1555,15.154432036437084,15.790521
1556,8.657084790652055,12.692047
1557,4.257699501664947,13.795132
1558,1.7693842994313524,0.0
1559,0.6021748772188904,0.0
1560,0.15236744420866216,0.0
1561,0.01358084578111508,0.0
1562,-0.009784137001765508,0.0
1563,0.0341495723381539,0.0
1564,0.21389061450692745,0.0
1565,0.7474733432405551,0.0
1566,2.047590407404178,0.22517672
1567,4.673104529334012,4.063608
1568,9.109224014668772,8.074684
1569,15.444373429003104,14.0430565
1570,23.15306294314582,24.077652
1571,31.160757762963094,34.456192
1572,38.164830522595004,40.998413
1573,43.00826960832053,46.119843
1574,44.912394301792524,50.738186
1575,43.546718027648815,51.461723
1576,39.05400425085014,47.2194
1577,32.10305647256808,35.64199
1578,23.87456798693944,24.197659
1579,15.818726549454327,14.500977
1580,9.188188315146428,9.908548
1581,4.604819583782648,5.9389644
1582,1.9619426545685692,0.0
1583,0.7011978351653895,0.0
1584,0.20769193782295464,0.0
1585,0.05143347840382688,0.0
1586,0.019506249289965805,0.0
1587,0.054212586141528685,0.0
1588,0.21742862072701627,0.0
1589,0.7214902826725583,0.0
1590,1.9805968050738845,0.33086106
1591,4.569475753038563,3.0714767
1592,8.994569702261096,7.3630257
1593,15.344883065514345,13.353193
1594,23.064802020470655,20.909592
1595,31.046898195976997,32.408497
1596,37.98608402999788,40.393272
1597,42.75153176733569,48.686188
1598,44.594116227877436,52.59211
1599,43.19718914304319,52.42189
1600,38.69547700115396,47.72461
1601,31.7364991451022,37.90592
1602,23.49144004458703,25.0252
1603,15.430266648710393,15.949217
1604,8.835640309495767,13.097039
1605,4.332462905666363,12.790811
1606,1.7837890129791132,0.0
1607,0.5974873437626994,0.0
1608,0.14674827873741655,0.0
1609,0.009215895377989211,0.0
1610,-0.015823466351581196,0.0
1611,0.021587604734567646,0.0
1612,0.18312885861902178,0.0
1613,0.6631033827739793,0.0
1614,1.8157567725822317,0.38003296
1615,4.095549927907905,3.1767485
1616,7.874124961648253,6.9012575
1617,13.237528659454217,12.649929
1618,19.893191744368973,19.722008
1619,27.162350245242273,30.644657
1620,33.986559927601526,40.541794
1621,39.06220965221744,47.966305
1622,41.22793915975294,51.098995
1623,39.91342054673659,50.270638
1624,35.337704741827885,44.764538
1625,28.418722312584876,36.33768
1626,20.529471764242032,24.886547
1627,13.132760853633613,16.346622
1628,7.324810130208242,13.500822
1629,3.5071921729713043,11.812246
1630,1.418931204538155,0.0
1631,0.47509739604844303,0.0
1632,0.1252599172150678,0.0
1633,0.021132504874897037,0.0
1634,0.004986729079662258,0.0
1635,0.04494823329979032,0.0
1636,0.21118579086734354,0.0
1637,0.7130199135870251,0.0
1638,1.9472239038931791,0.16922924
1639,4.455877751908871,2.7798307
1640,8.71555480259982,6.4539766
1641,14.819285559473183,12.248564
1642,22.257482723284998,18.8704
1643,29.97819613022655,30.667898
1644,36.70394093975143,40.039032
1645,41.300666986156685,47.06195
1646,43.00796415868989,50.28491
1647,41.51208806354947,50.246147
1648,36.976706748685565,43.68777
1649,30.096763024543193,34.376938
1650,22.074364308731525,22.94618
1651,14.353856321819508,15.318245
1652,8.13449865245935,9.879573
1653,3.948262938090673,2.2705352
1654,1.6092314911308514,0.0
1655,0.5325044929025664,0.0
1656,0.12711822277863408,0.0
1657,0.00399954631967943,0.0
1658,-0.02023302644583884,0.0
1659,0.004782607624032317,0.0
1660,0.12338718829575589,0.0
1661,0.48713690381242586,0.0
1662,1.3709429674102906,0.0
1663,3.10040251223652,1.8966515
1664,5.883748808876243,5.6887717
1665,9.72133735755124,8.300608
1666,14.537951297059294,10.990885
1667,20.306546172338066,16.562664
1668,26.79176325599562,23.4553
1669,33.093455449709,29.632284
1670,37.65558292473415,34.426876
1671,38.959346536382824,33.87008
1672,36.343824329721315,29.90521
1673,30.343535982571627,23.039536
1674,22.451725652000896,18.584522
1675,14.529278766735594,13.922797
1676,8.097494229301283,9.068127
1677,3.824758912418861,3.8940227
1678,1.5063015329797547,0.0
1679,0.4840786900210839,0.0
1680,0.11996510326539533,0.0
1681,0.016047155905588348,0.0
1682,-0.0051964480321161155,0.0
1683,0.004090817459467569,0.0
1684,0.05811562839865306,0.0
1685,0.23421863238915971,0.0
1686,0.6953389507541335,0.0
1687,1.6756114471377774,0.84596694
1688,3.36926100506805,3.0712633
1689,5.753868586392644,4.816336
1690,8.519203365960331,5.666538
1691,11.2559939750985,7.8614817
1692,13.746381107694027,6.6843667
1693,15.937265854063234,7.9510994
1694,17.53254632473513,12.593076
1695,17.812560840083865,13.031776
1696,16.160717009522983,15.929604
1697,12.778951350975328,13.774624
1698,8.699040715315057,13.246926
1699,5.073618767338138,8.119812
1700,2.526950824636482,4.1307015
1701,1.064710299058581,0.0
1702,0.3671271561274688,0.0
1703,0.0890693458319167,0.0
1704,-0.0032505157140584467,0.0
1705,-0.02750440387077763,0.0
1706,-0.026527428427726377,0.0
1707,0.004868900449083814,0.0
1708,0.1331415236118196,0.0
1709,0.5421952745529552,0.0
1710,1.5987386885455346,0.0
1711,3.830945903736096,2.2549913
1712,7.728176350085545,5.459292
1713,13.411109285029202,10.513544
1714,20.38275525596668,16.552498
1715,27.53964917406138,21.693623
1716,33.457971595342045,29.345264
1717,36.881240629511765,36.70472
1718,37.23102206994775,38.33252
1719,34.782769591159536,37.229446
1720,30.307966020763146,35.114365
1721,24.568500254720128,29.151955
1722,18.22327228692786,22.352966
1723,12.051779240357043,14.159425
1724,6.917032250005748,7.4955325
1725,3.3646375278379073,0.0
1726,1.3558338663865916,0.0
1727,0.43544976975851757,0.0
1728,0.09545455074749391,0.0
1729,-0.00479589241356604,0.0
1730,-0.02454658232768393,0.0
1731,-0.0104809658858542,0.0
1732,0.05614211465362347,0.0
1733,0.2587238752908634,0.0
1734,0.7653993695288374,0.0
1735,1.8160280365660197,1.7974007
1736,3.635939520945395,5.0862746
1737,6.29910467318509,10.124907
1738,9.63006700507163,17.163689
1739,13.238328932964002,23.289661
1740,16.686533257751364,27.135263
1741,19.656385083655785,35.086693
1742,21.909339691008924,39.63741
1743,23.059952262797268,40.134247
1744,22.521472356029605,38.707756
1745,19.900210962762785,31.177715
1746,15.529015478033548,23.156721
1747,10.503021501808963,14.975779
1748,6.0738481284998445,10.31319
1749,2.9699668899346943,0.9843857
1750,1.2120445161062119,0.0
1751,0.4018783816811469,0.0
1752,0.09757934326151638,0.0
1753,0.005343041767295139,0.0
1754,-0.010728485582419463,0.0
1755,0.021374503313723137,0.0
1756,0.16305986046080484,0.0
1757,0.6060879008892626,0.0
1758,1.7300791573228622,0.0
1759,4.078181231848166,2.5350459
1760,8.154716203341446,6.266846
1761,14.091023836351404,11.995325
1762,21.400422021958832,18.771406
1763,29.029217075705432,30.2287
1764,35.682225800467364,38.340797
1765,40.2020896875884,45.980576
1766,41.81065632375841,49.39715
1767,40.200335027685654,49.43136
1768,35.58188637861191,43.062054
1769,28.7266173915632,33.077255
1770,20.887988972961004,22.648502
1771,13.48154570605901,15.457762
1772,7.6060213906145195,11.338655
1773,3.692069202325625,7.7062902
1774,1.513490129540963,0.0
1775,0.5065035350624915,0.0
1776,0.12247825593015298,0.0
1777,0.0034897948994019636,0.0
1778,-0.019392098264194038,0.0
1779,0.010592495025087778,0.0
1780,0.14531255512042257,0.0
1781,0.5586280944206505,0.0
1782,1.5945434751698475,0.0
1783,3.7434233454938717,2.7135425
1784,7.454848342491063,6.6870103
1785,12.814422010861108,11.671252
1786,19.28552917661069,17.786259
1787,25.730821114043568,27.435608
1788,30.72915660580392,31.595407
1789,33.023687732009236,33.365417
1790,31.953402727611273,32.707726
1791,27.756963358920668,30.990774
1792,21.564035743275397,27.208069
1793,14.946196135436828,21.33114
1794,9.238653794095667,14.671232
1795,5.091621833973546,8.272676
1796,2.490936011467112,5.1158223
1797,1.0668050566260467,0.0
1798,0.38727877995380844,0.0
1799,0.10858995314517485,0.0
1800,0.012281979291629106,0.0
1801,-0.015043176852558765,0.0
1802,-0.01986581629123087,0.0
1803,-0.012660547393416936,0.0
1804,0.021735870462358444,0.0
1805,0.13396243842785596,0.0
1806,0.4283072679070099,0.0
1807,1.0671413001275047,0.0
1808,2.2435475420268713,0.0
1809,4.1278006991672145,0.0
1810,6.777126813161706,0.0
1811,9.968573588517556,3.4897997
1812,13.027334337451741,9.277887
1813,14.946635408104008,16.39333
1814,14.956680850393528,16.555988
1815,13.105580524169461,11.831279
1816,10.209528829270607,8.10305
1817,7.218579767889274,6.7634025
1818,4.693837181776755,5.1631436
1819,2.7895943677782196,3.300707
1820,1.4775339792953228,1.6839707
1821,0.6730011149359958,0.0
1822,0.25079628779766266,0.0
1823,0.06695659544768118,0.0
1824,0.001852036334645672,0.0
1825,-0.016386237986279115,0.0
1826,-0.01900530722370712,0.0
1827,-0.010892268892334642,0.0
1828,0.025687110103945622,0.0
1829,0.15423049146889212,0.0
1830,0.5291439769293196,0.0
1831,1.4376543718897528,0.0
1832,3.2500096832374226,0.40530327
1833,6.196116516438977,0.0
1834,10.06773663025961,0.46353462
1835,14.149304235634425,3.4293869
1836,17.541729151847235,9.554264
1837,19.595524244970118,17.007479
1838,20.042201144439844,22.19263
1839,18.829110309738528,19.191427
1840,16.046037968198476,13.894981
1841,12.119400475140079,10.602369
1842,7.911885289171763,6.9530644
1843,4.371858509903753,2.5060556
1844,2.0128364955630094,0.0010289252
1845,0.7625387966287512,0.0
1846,0.23402618976497178,0.0
1847,0.05623169644775754,0.0
1848,0.008999065149885792,0.0
1849,-0.0005131103587011354,0.0
1850,0.00020122222240682812,0.0
1851,0.012001188816974009,0.0
1852,0.06724229073010476,0.0
1853,0.2764782214485487,0.0
1854,0.9182046220609472,0.0
1855,2.5124122290503252,1.0816652
1856,5.726029576341284,3.830027
1857,10.99092846286316,7.442757
1858,18.009924492011177,11.824619
1859,25.59470166062789,17.283184
1860,32.09209222579492,23.270264
1861,36.10428635546677,29.293442
1862,36.97090509876859,32.269024
1863,34.78646584753165,36.448277
1864,30.150343753376873,36.783253
1865,23.94747253857137,30.904572
1866,17.22684533654392,24.838455
1867,11.041242367650586,17.297457
1868,6.186152749778131,12.467709
1869,2.969334374587601,2.0293343
1870,1.1955701850582519,0.0
1871,0.39281220392184035,0.0
1872,0.09821488809048617,0.0
1873,0.01229003231675722,0.0
1874,-0.001385498926558387,0.0
1875,0.02656194504204905,0.0
1876,0.15052440632279557,0.0
1877,0.5491876207184123,0.0
1878,1.59356981162428,0.0
1879,3.8424598932243947,1.8706524
1880,7.852640631113633,5.038759
1881,13.824637616882494,9.087448
1882,21.30984640493736,16.277578
1883,29.22611064063324,24.641258
1884,36.18683565292838,33.734337
1885,40.91363790879488,42.521324
1886,42.52175322128353,44.97635
1887,40.65781196761252,44.123398
1888,35.58470235355495,40.20849
1889,28.22556856926132,32.520992
1890,20.024958529338996,24.736576
1891,12.521790573915078,19.574785
1892,6.797396261113742,14.712916
1893,3.154795597070027,2.1450417
1894,1.2316586349067566,0.0
1895,0.3953073950275568,0.0
1896,0.09810799850778702,0.0
1897,0.013206565046472774,0.0
1898,-0.002153559425304725,0.0
1899,0.01285961322183956,0.0
1900,0.0733712109382485,0.0
1901,0.2305034978904741,0.0
1902,0.5512168290398125,0.0
1903,1.0714132470580036,0.0
1904,1.7467292475225973,1.6235893
1905,2.460797731009291,3.6021056
1906,3.1020281209916947,4.748562
1907,3.6280185849347637,5.2251143
1908,4.041438200678114,6.8708367
1909,4.31737703591346,7.7311583
1910,4.379691844456559,8.7202
1911,4.15093774849953,7.704909
1912,3.6180431635467585,8.47402
1913,2.8574814243973976,8.021055
1914,2.0123077578763393,5.9409924
1915,1.2405741288267158,5.1482377
1916,0.6564713374054941,2.8644555
1917,0.2922499789966202,0.0
1918,0.10710178443644253,0.0
1919,0.03113240363162495,0.0
1920,0.006277644887398912,0.0
1921,8.206056303073272e-05,0.0
1922,-2.726878096318637e-05,0.0
1923,0.0052909761484599615,0.0
1924,0.026885182912508326,0.0
1925,0.09653720361327661,0.0
1926,0.27886038773497185,0.0
1927,0.675560757210587,0.0
1928,1.4144503181948924,2.0335677
1929,2.6364167970104426,4.6318216
1930,4.472380948300607,5.787994
1931,6.949694060142816,8.059234
1932,9.815423807453296,11.088637
1933,12.451942543980072,13.949461
1934,14.083024403411766,16.562855
1935,14.169985622612217,15.648926
1936,12.680079498192407,12.629362
1937,10.069077956789716,9.32735
1938,7.055885665467014,7.986309
1939,4.326306113348449,7.2071166
1940,2.2961239626735015,6.3930697
1941,1.0402665947174192,0.0
1942,0.39342165565320214,0.0
1943,0.11748471811349374,0.0
1944,0.020788011477357683,0.0
1945,-0.005981648562283713,0.0
1946,-0.007738201001850553,0.0
1947,0.01265777823077276,0.0
1948,0.09788537833225976,0.0
1949,0.37595811259758805,0.0
1950,1.119544239496972,0.0
1951,2.7669859553714975,1.1082243
1952,5.831116161238892,4.0369015
1953,10.675882593964436,7.3350043
1954,17.23409734676141,11.218573
1955,24.79208298155003,17.3783
1956,31.99590024869057,29.39807
1957,37.21726293832003,35.786377
1958,39.20165916543599,41.381817
1959,37.58804223582271,42.226997
1960,32.91922311330032,39.682964
1961,26.265777447918776,32.439465
1962,18.884767877866565,19.949482
1963,12.018527383796629,12.960241
1964,6.630218420269891,9.439196
1965,3.1035969053529264,0.29900482
1966,1.2027746992367827,0.0
1967,0.36721698302043587,0.0
1968,0.06980819818770574,0.0
1969,-0.014835976994709232,0.0
1970,-0.029090394082883757,0.0
1971,-0.005485501222535558,0.0
1972,0.10149113472414581,0.0
1973,0.4454851955923108,0.0
1974,1.3428404369350113,0.0
1975,3.2569881312418167,1.727614
1976,6.621828864110765,4.8404927
1977,11.552401697812407,8.135971
1978,17.671867276726832,11.907857
1979,24.185141565565267,21.468494
1980,30.03432697084469,33.67867
1981,34.001596305907896,41.099136
1982,34.98010910981319,43.814926
1983,32.52777766214978,43.796783
1984,27.243606599937806,40.74341
1985,20.508452096285296,33.408592
1986,13.819691024084218,22.11234
1987,8.261521864532396,14.269428
1988,4.317723354446827,9.827491
1989,1.9333665771277682,1.1342595
1990,0.7191776958403514,0.0
1991,0.20541532940638968,0.0
1992,0.02715544799792255,0.0
1993,-0.02291944037844012,0.0
1994,-0.03247611955013596,0.0
1995,-0.025014517154944158,0.0
1996,0.012764806807503647,0.0
1997,0.13761913628224826,0.0
1998,0.47677567954665145,0.0
1999,1.2515322133636289,0.31112757
2000,2.7734729354786496,3.6285846
2001,5.405168069465441,7.170224
2002,9.485490304400063,10.896294
2003,15.166165355452263,18.112589
2004,22.091619802700357,31.380264
2005,29.081099715588678,42.375755
2006,34.26902549503545,47.684464
2007,35.916409218760606,45.370464
2008,33.36934541181804,41.246574
2009,27.401913119053148,34.585407
2010,19.775883613829993,27.691933
2011,12.422582981360561,15.719276
2012,6.703380177282636,8.616524
2013,3.058171206572922,0.0
2014,1.1540447034943186,0.0
2015,0.34274505079682205,0.0
2016,0.06257060061498401,0.0
2017,-0.014842737247359942,0.0
2018,-0.028062347302091728,0.0
2019,-0.009241885551802095,0.0
2020,0.08268478179127935,0.0
2021,0.3964756886067713,0.0
2022,1.2601006189624782,0.0
2023,3.198206674438108,1.1200379
2024,6.776062835188939,4.087964
2025,12.262809528219595,8.598395
2026,19.317886818784583,19.049034
2027,26.959190712790722,31.235134
2028,33.85151376841417,37.43724
2029,38.70915624539068,44.553345
2030,40.60205791982693,48.57556
2031,39.117838522792375,46.427124
2032,34.44919225541044,41.702354
2033,27.43923059409275,33.200523
2034,19.4784549745954,26.850655
2035,12.11732764995362,20.294447
2036,6.493494623703984,10.705231
2037,2.9483524612939536,0.0
2038,1.1151011265624453,0.0
2039,0.3425846704311114,0.0
2040,0.079052713136911,0.0
2041,0.00727847256150535,0.0
2042,-0.0045939120239110376,0.0
2043,0.013338513793519817,0.0
2044,0.09918822063371917,0.0
2045,0.3890527509075205,0.0
2046,1.181655839122781,0.0
2047,2.952708794071974,1.5978149
2048,6.205090151249704,4.5933795
2049,11.136764281242918,7.7523656
2050,17.329622000428127,15.6174555
2051,23.749440279365263,26.115349
2052,29.118092726735107,34.34159
2053,32.37837215658148,38.302113
2054,32.92796252501627,39.824203
2055,30.618301621014368,40.03055
2056,25.7772480101607,36.20242
2057,19.3233447016399,28.499796
2058,12.65632820475178,20.336807
2059,7.1175569052937755,12.867077
2060,3.3853247742457593,10.596304
2061,1.3402310223603873,0.0
2062,0.4274922862616979,0.0
2063,0.09489523465883773,0.0
2064,-0.004516625641223661,0.0
2065,-0.0286899467944188,0.0
2066,-0.02976113846951803,0.0
2067,-0.011196695630676264,0.0
2068,0.062379874502776704,0.0
2069,0.2844979368982558,0.0
2070,0.8161287016490413,0.0
2071,1.829238069587678,0.806026
2072,3.3792897362298686,3.3082778
2073,5.321251584053247,6.9792013
2074,7.376090555033478,11.727362
2075,9.25630727920128,14.886797
2076,10.728929787013014,15.6729
2077,11.692464095537977,15.468764
2078,12.238340987720218,15.860952
2079,12.432305929005047,14.917447
2080,11.987102734265203,13.43037
2081,10.460120257768297,15.746542
2082,7.8971588412433125,13.82035
2083,5.016939850918656,8.411422
2084,2.648437200886059,2.1069672
2085,1.1546451923725032,0.0
2086,0.40873076387588925,0.0
2087,0.10717953867001061,0.0
2088,0.007549807587598547,0.0
2089,-0.018174878860243562,0.0
2090,-0.018759142878966552,0.0
2091,0.0022287927594419367,0.0
2092,0.08882117865629423,0.0
2093,0.37717678099799135,0.0
2094,1.1583534120207286,0.0
2095,2.8849354476558506,1.791466
2096,6.021996767009659,4.437115
2097,10.737086799564256,8.472894
2098,16.60570989825934,13.49547
2099,22.54763478867375,20.523083
2100,27.083028170167374,29.591784
2101,28.874723515199634,35.607292
2102,27.394973682297042,35.058502
2103,23.28204666563171,29.734707
2104,17.96324572701523,24.570972
2105,12.791687690882213,19.105873
2106,8.479359577093692,18.105398
2107,5.180179475334132,13.0922785
2108,2.8355395694752805,10.129625
2109,1.3391802617771822,0.0
2110,0.520497802523689,0.0
2111,0.15009641870870616,0.0
2112,0.014696263380469579,0.0
2113,-0.024459027743723643,0.0
2114,-0.0305658884801836,0.0
2115,-0.018301912759791306,0.0
2116,0.03669604929313296,0.0
2117,0.220262369040546,0.0
2118,0.7263058827453749,0.0
2119,1.8813503285555206,0.5117427
2120,4.07672821666861,3.0040083
2121,7.574300293762747,5.916764
2122,12.244089992460372,9.209932
2123,17.38522625788474,14.711102
2124,21.809633096615844,22.149963
2125,24.2654313815278,26.414555
2126,24.023127205332457,30.630905
2127,21.24039348279007,29.826195
2128,16.838478764368304,27.536514
2129,12.001799842511106,23.416931
2130,7.6793469122348785,18.23938
2131,4.370308368814323,17.086988
2132,2.1711442284181217,10.845493
2133,0.914012991049892,0.0
2134,0.3081217185408673,0.0
2135,0.06699095888430634,0.0
2136,-0.010962601496407343,0.0
2137,-0.030879821282582647,0.0
2138,-0.033029106844540634,0.0
2139,-0.021930736588997007,0.0
2140,0.029190968205528994,0.0
2141,0.2080591608165728,0.0
2142,0.7258687185134035,0.0
2143,1.9810421237929108,1.5177155
2144,4.529404750163347,3.7387676
2145,8.827088089628628,6.4980636
2146,14.736001692102736,9.457671
2147,21.15210121275254,19.735188
2148,26.30249801323869,26.137249
2149,28.688804716337525,30.22976
2150,27.849715627932962,29.479141
2151,24.32598140961617,26.383486
2152,19.175363582660044,22.237
2153,13.59130171911351,19.164276
2154,8.62152263979562,11.662358
2155,4.881822830417441,9.096202
2156,2.4572279778064674,6.494642
2157,1.0831822775846491,0.0
2158,0.40142103656964195,0.0
2159,0.1096388234689524,0.0
