index,soc_fil,MLP,PWL
41765,77.5,77.5,77.5
41766,77.5,77.47158191725612,77.47741488317517
41767,77.5,77.44788477011025,77.46058585994277
41768,77.5,77.43310072273016,77.4519126493717
41769,77.5,77.42864710092545,77.44918597456837
41770,77.5,77.42919965833426,77.44908292395519
41771,77.5,77.42916912958026,77.44867450062985
41772,77.5,77.4241379648447,77.44561536888838
41773,77.50006691628958,77.41429791785777,77.43978808875843
41774,77.50050326531009,77.40218906290829,77.4326548074206
41775,77.50271922848268,77.38860696926713,77.42467348101005
41776,77.51148353284547,77.37427811510861,77.41626229331327
41777,77.53847949081276,77.37668351270258,77.41734258682595
41778,77.60323942741749,77.4100681412965,77.44682894257413
41779,77.72422691718285,77.48979035951197,77.51880406544534
41780,77.90026267606764,77.61146496422589,77.62924697708877
41781,78.09973732393239,77.74751682765782,77.75287295324472
41782,78.27577308281718,77.86588735319674,77.86028617873149
41783,78.3968274888721,77.96467340178788,77.9497416513368
41784,78.46202377449733,78.05810979939997,78.0342918126898
41785,78.49123569563723,78.15320179052651,78.1203600669798
41786,78.5087643043628,78.25126377679408,78.20915161754978
41787,78.53797622550269,78.35415515489876,78.30237144452916
41788,78.60317251112792,78.45852703787386,78.39694877727284
41789,78.72422691718285,78.55970487184823,78.48859737791433
41790,78.90026267606763,78.65504533983767,78.57489348573081
41791,79.09973732393237,78.73331090249121,78.64553292555654
41792,79.27577308281717,78.78677891381085,78.69343451089858
41793,79.39676057258252,78.83464111573994,78.73619592778205
41794,79.46152050918725,78.89749030210078,78.79269949268685
41795,79.48851646715455,78.97876363433897,78.86609688141222
41796,79.49734768780691,79.07152772136033,78.9500305831374
41797,79.50000000000001,79.16512359119952,79.03472699495718
41798,79.5026523121931,79.25174793042243,79.11303091761357
41799,79.51148353284547,79.33161880262196,79.18514232593432
41800,79.53847949081278,79.40969162620604,79.25560503602817
41801,79.60323942741749,79.49081370420754,79.32886372318134
41802,79.72422691718285,79.57626916654408,79.40609587655456
41803,79.90026267606763,79.66161522455513,79.48322770830764
41804,80.09973732393237,79.7318971697241,79.54654664993838
41805,80.27577308281717,79.77629045583308,79.58612728014852
41806,80.39676057258252,79.81223388947546,79.61795990595245
41807,80.46152050918725,79.86065237410367,79.66123139707068
41808,80.48851646715455,79.92670615948737,79.72067338521421
41809,80.49728077151734,80.00279157049954,79.7893137644746
41810,80.49949673468993,80.07823635078967,79.85736673220735
41811,80.49993308371043,80.1467167828232,79.91903381587485
41812,80.50000000000001,80.20963756926358,79.97560303386474
41813,80.50000000000001,80.27079618163407,80.03055643864049
41814,80.50000000000001,80.33143288828433,80.0850312839528
41815,80.50000000000001,80.39327775128186,80.14061393633855
41816,80.50000000000001,80.45677548088133,80.19771216706236
41817,80.50000000000001,80.52201194502413,80.25640472487694
41818,80.50000000000001,80.58793880976737,80.31573033032696
41819,80.50000000000001,80.64948721416295,80.37104115149631
41820,80.50000000000001,80.70308406092227,80.41906087699799
41821,80.50000000000001,80.7411029804498,80.45279659408743
41822,80.50000000000001,80.74978509359062,80.45963225302818
41823,80.50000000000001,80.72015263140202,80.43556647477139
41824,80.50000000000001,80.67454478889704,80.39566289595163
41825,80.50000000000001,80.63456645235419,80.35986911272937
41826,80.50000000000001,80.608030539006,80.33957886484015
41827,80.50000000000001,80.60365567356348,80.33689526299695
41828,80.50000000000001,80.61619623377919,80.34726888306042
41829,80.50000000000001,80.63450372219086,80.36293042302634
41830,80.50000000000001,80.64926802739501,80.37534307864148
41831,80.50000000000001,80.65667510405183,80.38100960542467
41832,80.50000000000001,80.65554927289486,80.38002755860289
41833,80.50000000000001,80.64358240179718,80.37297600778716
41834,80.50006691628958,80.62384727038443,80.3609777519784
41835,80.50050326531009,80.60410267859697,80.34896795810315
41836,80.50271922848269,80.59621628560126,80.3442652670593
41837,80.51148353284547,80.6036659758538,80.34997086368921
41838,80.53847949081276,80.6246857251972,80.3681193760324
41839,80.60323942741749,80.65888744406402,80.39835495738369
41840,80.72422691718285,80.69945317320526,80.43442594755176
41841,80.90026267606763,80.73965164087713,80.47016017531256
41842,81.09973732393237,80.77138434164226,80.4981318119668
41843,81.27577308281717,80.79160409606993,80.51554678143758
41844,81.39676057258251,80.81767434068024,80.53832629637073
41845,81.46152050918724,80.86171265877783,80.57758143657445
41846,81.48851646715454,80.91739632375538,80.62751465376137
41847,81.49728077151732,80.97180409170687,80.6762779492856
41848,81.49949673468993,81.01608967967331,80.7157598164007
41849,81.49993308371043,81.05174177326262,80.74732530961482
41850,81.5,81.0847190041095,80.77643810872136
41851,81.5,81.11857303418219,80.80635488348355
41852,81.5,81.1577697340399,80.84117055366237
41853,81.5,81.20487457700074,80.88323751329104
41854,81.5,81.25666318275034,80.92959919862109
41855,81.5,81.30674956925213,80.9744000544339
41856,81.5,81.35096383281052,81.01381653328207
41857,81.5,81.39114189334214,81.04953205004087
41858,81.5,81.43081040866673,81.0847803425605
41859,81.50003345814478,81.47230705805123,81.121704927144
41860,81.50025163265505,81.51672347821295,81.16130675900627
41861,81.50139307238612,81.5628226865083,81.20245160823087
41862,81.50599339907777,81.60831191577017,81.24303715526388
41863,81.52059935964772,81.65278887934983,81.28269449551
41864,81.55736148013148,81.69737674482167,81.32245353244954
41865,81.6313532039978,81.74139733053744,81.36169241386688
41866,81.75175105174256,81.78018783219159,81.39613562749797
41867,81.91198212055761,81.80394543893635,81.41679459594064
41868,82.0880178794424,81.81049515493214,81.4216749672142
41869,82.24824894825744,81.81374336220324,81.42352806361787
41870,82.36864679600221,81.81740784086287,81.42576285373413
41871,82.44263851986854,81.82512699998915,81.4317155343118
41872,82.47940064035228,81.83845931477845,81.44281514261898
41873,82.49400660092223,81.8523694742471,81.45444459411274
41874,82.49860692761388,81.86533286981285,81.46520592465986
41875,82.49974836734496,81.87585253454745,81.47372650230031
41876,82.49993308371043,81.881058877334,81.47737509150033
41877,82.49971490920018,81.88371415622532,81.47868451119815
41878,82.49838875310363,81.8882342223078,81.48170382773237
41879,82.49289861933593,81.89325808174908,81.4851850908511
41880,82.47501848817089,81.89583317749202,81.48642098500602
41881,82.42914054088489,81.89595255441964,81.48609107355733
41882,82.33626682769984,81.89513533376157,81.48527065303341
41883,82.18775520337478,81.89172446541488,81.48309190915643
41884,82.0,81.87970049120486,81.47600748721305
41885,81.81224479662524,81.85912548564374,81.46298519841247
41886,81.66373317230017,81.82964080572128,81.43909960826062
41887,81.57085945911513,81.78229948878288,81.39751250010937
41888,81.52498151182911,81.72329685091972,81.34460003571618
41889,81.50710138066407,81.66591742262244,81.29326401821828
41890,81.50161124689637,81.62279243394732,81.25577175815903
41891,81.50028509079984,81.60070630535483,81.24090700027863
41892,81.50003345814478,81.60396994277835,81.24277424563071
41893,81.5,81.60990710556507,81.2470929480047
41894,81.5,81.60692194104195,81.24513714812471
41895,81.5,81.58791008591652,81.23402075370028
41896,81.5,81.56278572045267,81.21545156375878
41897,81.5,81.53396591730416,81.1923766385503
41898,81.5,81.50288499705493,81.16654480324824
41899,81.5,81.46987874247134,81.13836546375066
41900,81.5,81.43457660637796,81.10738682273488
41901,81.5,81.39713779650629,81.07380300627891
41902,81.5,81.36141509003937,81.04231158037427
41903,81.5,81.33267258666456,81.01933090511588
41904,81.5,81.3145418073982,81.00873120631397
41905,81.5,81.32004512660205,81.01265209819805
41906,81.5,81.34125940687954,81.03097898430565
41907,81.5,81.37485108710825,81.0606552070675
41908,81.5,81.41361934877932,81.09507802775914
41909,81.5,81.45063419826329,81.12789307537108
41910,81.5,81.48247165419161,81.1559607727244
41911,81.5,81.51206077821553,81.18196687985471
41912,81.50003345814478,81.54513354040682,81.21116726847052
41913,81.50028509079984,81.58479886688292,81.2464126466079
41914,81.50161124689637,81.6288208309561,81.2856527899768
41915,81.50710138066407,81.67320526577532,81.32522529459142
41916,81.52498151182911,81.71528703905642,81.36268640416239
41917,81.57085945911513,81.7563144583255,81.39918073374093
41918,81.66373317230017,81.79811494983733,81.4363839215343
41919,81.81224479662524,81.8355911988765,81.46962204079082
41920,82.0,81.8577742073685,81.48883719825557
41921,82.18775520337478,81.86535619013011,81.4946641041275
41922,82.33626682769984,81.8806412871927,81.50755429604263
41923,82.42914054088489,81.90788987837732,81.53141428472325
41924,82.47501848817089,81.93474831990898,81.55491653222774
41925,82.49289861933593,81.95770265720785,81.57483895063986
41926,82.49838875310363,81.97677201591432,81.59119907757886
41927,82.49971490920018,81.9911106210202,81.60322138561331
41928,82.49996654185522,82.00233646295965,81.61238948559753
41929,82.5,82.01335639692843,81.62136877876137
41930,82.5,82.02279797382653,81.6289008169674
41931,82.5,82.03318802826107,81.63730255171414
41932,82.5,82.04766755737364,81.64945409097095
41933,82.5,82.06436284445226,81.66363733881096
41934,82.5,82.08115879260004,81.67791288925521
41935,82.5,82.09730840288103,81.69159578777335
41936,82.5,82.11184473894536,81.7037994155103
41937,82.5,82.12497285567224,81.71471179168798
41938,82.5,82.13805265165865,81.72557985867145
41939,82.5,82.1533053163439,81.73844031652456
41940,82.5,82.17323032207787,81.75558501624573
41941,82.5,82.19563659466803,81.77500488801714
41942,82.5,82.2165925372392,81.79309489853479
41943,82.5,82.2353680934757,81.80918562255351
41944,82.5,82.25292993150651,81.82416344070909
41945,82.5,82.26896637119353,81.83774256681109
41946,82.5,82.28487363643944,81.85120324717222
41947,82.5,82.30134415440261,81.86518039660301
41948,82.5,82.31838794611394,81.87968320117598
41949,82.5,82.33512609265745,81.89390575056802
41950,82.5,82.34984034858644,81.90627251761512
41951,82.5,82.36317053996027,81.91737018013781
41952,82.5,82.37508282624185,81.92716770931725
41953,82.5,82.38416070304811,81.93436625764035
41954,82.5,82.38975690864027,81.9383723267007
41955,82.5,82.39178341068327,81.9391051967154
41956,82.5,82.38684979267418,81.93610221876482
41957,82.5,82.37796563468874,81.9308251795018
41958,82.5,82.37113873846829,81.9267323689797
41959,82.5,82.36603213660419,81.92362981342978
41960,82.5,82.36149110458791,81.92085282335766
41961,82.5,82.36049603112042,81.91993926127631
41962,82.5,82.36243424750865,81.92059117949522
41963,82.5,82.36067676730454,81.91927833194362
41964,82.5,82.35272119939327,81.91453581791308
41965,82.49993308371043,82.34211379103363,81.90826681887181
41966,82.49953019283471,82.33241972513497,81.90252356885972
41967,82.49749894602758,82.32208937779069,81.8964140539069
41968,82.48965790688563,82.30584909580648,81.88690258899268
41969,82.4661208358789,82.27708325721323,81.86389346048799
41970,82.41136653315246,82.2233254481107,81.81607472033362
41971,82.31253520330092,82.14629738219082,81.74565614628357
41972,82.1737290477987,82.06461505778134,81.67071740139532
41973,82.0206605238124,82.00784878619015,81.6199768740294
41974,81.88445798599788,81.98664178699255,81.60618401643502
41975,81.77927518630229,81.98891601338983,81.60714403291428
41976,81.69871055962781,81.99464393779635,81.61127087604062
41977,81.63188138059022,82.0052792802453,81.61989753112115
41978,81.576710952349,82.01297442987561,81.62582820447837
41979,81.53726538579384,82.00981087982655,81.62377898546892
41980,81.51467287685952,81.99616154283285,81.61575895087564
41981,81.50460032669164,81.98253052309155,81.60774946076819
41982,81.50114143973109,81.97599908523262,81.60382672478332
41983,81.50021817451025,81.97560484521091,81.60322782404486
41984,81.50003345814478,81.96641261316836,81.59777344765655
41985,81.50003345814478,81.94167842902243,81.5796799962958
41986,81.50025163265505,81.90912799723446,81.55205642755986
41987,81.50135961424134,81.8769914675504,81.52493751591774
41988,81.50574176642273,81.85559503361583,81.51091368078427
41989,81.51927320355117,81.86445476487279,81.51791220521905
41990,81.55187134636378,81.89566816017032,81.5454076793571
41991,81.61347307283276,81.94087780639529,81.58573684810577
41992,81.70587310445654,81.98715503141284,81.6270449324235
41993,81.81910840737257,82.01850920543075,81.65466948965263
41994,81.93950625511732,82.02581482753158,81.6602429806683
41995,82.06049374488268,82.00776894576848,81.64969215047132
41996,82.18089159262743,81.99092890508473,81.63983544283107
41997,82.29412689554346,82.0004068929702,81.64740087323206
41998,82.38652692716725,82.02070662193,81.66488917830807
41999,82.44812865363622,82.03505429439247,81.67691980563836
42000,82.48072679644883,82.04197550751269,81.68214082495155
42001,82.49425823357727,82.04176286049187,81.68163702577748
42002,82.49864038575866,82.03294238261878,81.67639664318985
42003,82.49974836734496,82.02418955042958,81.67119519910956
42004,82.49996654185522,82.02291536703706,81.67013546124977
42005,82.5,82.02850421518087,81.67413477900983
42006,82.5,82.03977221250534,81.68334153123516
42007,82.5,82.05617933347821,81.69726054922072
42008,82.5,82.07354633510113,81.71205972038163
42009,82.5,82.08807182312012,81.72425339673562
42010,82.5,82.10083743184805,81.73483336849726
42011,82.5,82.11281733214855,81.74469289951635
42012,82.5,82.12438019737601,81.75417003031326
42013,82.5,82.13640965148807,81.76407499671326
42014,82.5,82.14907327666879,81.7745614527898
42015,82.5,82.16161016002297,81.78493170287125
42016,82.5,82.17329555004835,81.79452118629997
42017,82.5,82.18418772146106,81.80338332820997
42018,82.5,82.19607714563608,81.81315989642665
42019,82.5,82.20978353917599,81.82460251700729
42020,82.5,82.22578416764736,81.83814880209012
42021,82.5,82.24367591366172,81.85342913064017
42022,82.5,82.26278666779399,81.86982721437285
42023,82.5,82.28241256996989,81.88669765651747
42024,82.5,82.30203863605857,81.90356824486423
42025,82.5,82.32119347155094,81.92000674880853
42026,82.5,82.33825340867043,81.93452436348423
42027,82.5,82.35389935225248,81.94774542436383
42028,82.5,82.3705971762538,81.96193100122403
42029,82.5,82.38902567699552,81.97770350756778
42030,82.5,82.40793462470174,81.9939165442118
42031,82.5,82.42589071020484,82.00925587469217
42032,82.5,82.44357461854815,82.02434562490778
42033,82.5,82.46057315543294,82.03880693705364
42034,82.5,82.47516494244337,82.05106140544015
42035,82.5,82.48771136626601,82.06144039807708
42036,82.5,82.50034681335092,82.07190102045244
42037,82.49993308371043,82.509860124439,82.07949883082689
42038,82.49949673468993,82.50991070643067,82.07913289203377
42039,82.49728077151732,82.49288995936513,82.06917216388861
42040,82.48851646715454,82.46264011785388,82.04435363865234
42041,82.46152050918725,82.40806499496102,81.99574112947735
42042,82.39676057258252,82.32893969491124,81.92328575761496
42043,82.27577308281717,82.23973347619176,81.84103988492798
42044,82.09973732393237,82.16077238693833,81.76874398765426
42045,81.90026267606763,82.11281325668097,81.72655686449217
42046,81.72422691718285,82.10053579136729,81.71932652405107
42047,81.60323942741749,82.1072814129293,81.72438653238834
42048,81.53847949081276,82.11133189126849,81.72697526096944
42049,81.51148353284546,82.09788277000189,81.71907047875733
42050,81.50271922848268,82.07137560471892,81.69881528492925
42051,81.50050326531009,82.03994760662317,81.6725602668915
42052,81.50006691628957,82.01038773357868,81.6485829940689
42053,81.5,81.98882913403213,81.63436143576428
42054,81.50003345814478,81.9888204280287,81.63396444472488
42055,81.50025163265505,82.00403230823576,81.64678749793974
42056,81.50139307238612,82.03046254999936,81.6698971028818
42057,81.50599339907777,82.06301801837981,81.69862317305483
42058,81.52059935964772,82.09632231481373,81.7280358688808
42059,81.55736148013148,82.12403991259634,81.75232591015488
42060,81.6313532039978,82.13798123784363,81.76398394657865
42061,81.75175105174256,82.14007417298853,81.76477772989621
42062,81.91198212055761,82.1442243102938,81.76745784270452
42063,82.0880178794424,82.1545861940831,81.77583374783744
42064,82.24824894825744,82.17197474651039,81.79065267926201
42065,82.36864679600221,82.19329742901027,81.80907896031287
42066,82.44263851986854,82.21388927288353,81.8268351124404
42067,82.47940064035228,82.23545067943633,81.84548029797025
42068,82.49400660092223,82.25694515742362,81.86406411346661
42069,82.49854001132431,82.27425164543092,81.87880779966258
42070,82.49924510203489,82.28718501888216,81.88954160623574
42071,82.49724731337254,82.29849762283266,81.89878925991955
42072,82.48851646715454,82.31018258444965,81.90837834733482
42073,82.46152050918725,82.3217945266515,81.91790047919201
42074,82.39676057258252,82.32757609523833,81.92207651230171
42075,82.27577308281717,82.30488489754498,81.90647401000675
42076,82.09973732393237,82.25355734862387,81.86101551335427
42077,81.90026267606763,82.18638488091528,81.80016859287586
42078,81.72422691718285,82.12108103372157,81.74113646172576
42079,81.60320596927271,82.05028762854636,81.67677293445247
42080,81.53826131630251,81.96844510175288,81.6016786076014
42081,81.51037555125917,81.8822973612696,81.5224031181276
42082,81.49833707630128,81.79598433710635,81.44296709379401
42083,81.48700528632644,81.70343737490475,81.35747673076627
42084,81.4676869479872,81.59364950843155,81.25524218486477
42085,81.43950625511734,81.46528083272278,81.1349621667263
42086,81.41198212055761,81.33869196660817,81.0164106607413
42087,81.40026267606763,81.25413818098605,80.93868320006573
42088,81.41198212055761,81.22868649475276,80.91971492037148
42089,81.43950625511734,81.24200653098524,80.93080327060169
42090,81.46762003169763,81.26285680942237,80.94879639503543
42091,81.48650202101635,81.28141236118972,80.96468539442645
42092,81.49561784781861,81.2889920566231,80.97051020074052
42093,81.4988920184137,81.27915008552372,80.96468181229618
42094,81.49978182548975,81.26242416538298,80.95489079466591
42095,81.49996654185522,81.25315426662564,80.94939171004025
42096,81.5,81.25758404657245,80.95232823503001
42097,81.5,81.27499458193779,80.96716732030372
42098,81.5,81.30553019791842,80.9940413126764
42099,81.5,81.34174226224422,81.02612025240774
42100,81.5,81.37547639012337,81.05592708772677
42101,81.5,81.39858790487051,81.07599363029462
42102,81.5,81.40656492486596,81.08218276675156
42103,81.5,81.40247825533152,81.07965009722732
42104,81.5,81.40067520365119,81.0783133883633
42105,81.5,81.41170435771346,81.08730113249193
42106,81.5,81.43764470145106,81.10996153035387
42107,81.5,81.4735262952745,81.14173745958593
42108,81.5,81.51055396720767,81.17456427047357
42109,81.5,81.54118296131492,81.20152388237634
42110,81.5,81.56355459243059,81.22091199154193
42111,81.5,81.58107766509056,81.23585426900806
42112,81.5,81.59761062636971,81.24988867456817
42113,81.5,81.61666219308972,81.26623249666419
42114,81.5,81.63975310698152,81.28628014995098
42115,81.5,81.66497227177024,81.30827927191788
42116,81.5,81.68883207812905,81.32903194998764
42117,81.5,81.71020863950253,81.34750764034317
42118,81.5,81.72895792126656,81.36357427162244
42119,81.5,81.74615847319365,81.37822081399919
42120,81.5,81.76295795664191,81.39249960497618
42121,81.5,81.78077311813831,81.40770971265482
42122,81.5,81.8012784421444,81.42538653639181
42123,81.5,81.82421858608723,81.44529593725389
42124,81.5,81.84715970978141,81.46520623529375
42125,81.5,81.86868509277701,81.4838183896087
42126,81.5,81.89017086103559,81.50239422475228
42127,81.5,81.9100819863379,81.51952619899623
42128,81.5,81.92171766981483,81.52907009515005
42129,81.5,81.91000496037304,81.5221648478621
42130,81.5,81.87326611019671,81.48943447037641
42131,81.5,81.81095117516816,81.43330513813115
42132,81.5,81.74014504440129,81.36892924198281
42133,81.5,81.67469874210656,81.309758762121
42134,81.49996654185522,81.62242580018938,81.26338210772875
42135,81.49978182548975,81.58668669871986,81.23187069285191
42136,81.49885856026891,81.55654584988952,81.20718505416423
42137,81.49539967330836,81.5228572525084,81.17817375516876
42138,81.48539403943006,81.47828195616603,81.13927297593705
42139,81.46320442137146,81.4243187494576,81.09125475143783
42140,81.42579010162343,81.36465685069561,81.037702014277
42141,81.37846071252416,81.30762569233775,80.9867042407649
42142,81.33513514634853,81.27528062090278,80.95933105743646
42143,81.30914010603502,81.27633467316628,80.95949064728215
42144,81.3018988291149,81.27773528173566,80.9598317302838
42145,81.30122827620752,81.26455296948552,80.95208053117801
42146,81.29211244940527,81.24724842049181,80.94195643704448
42147,81.27062684239884,81.22698687948287,80.9293163384177
42148,81.24886453566259,81.20675939694047,80.91671777374457
42149,81.24711726690613,81.19961894117296,80.91244446711877
42150,81.27847175593675,81.20881539396942,80.91975174133908
42151,81.33641260793969,81.225520292297,80.93394380194722
42152,81.39696891006606,81.24173715896904,80.94768836747265
42153,81.43377432572132,81.25988593511283,80.96320437871047
42154,81.43031543876074,81.27668044902384,80.9774786166319
42155,81.38261458215115,81.28398553095758,80.98305161669283
42156,81.2998686619662,81.27122998982668,80.97554608096213
42157,81.20540329729126,81.24866876378655,80.96010205046127
42158,81.13021176426672,81.22696366906166,80.94570187707667
42159,81.0988572752361,81.22034621983767,80.94172962991482
42160,81.11782176686937,81.23373151943088,80.95287781834725
42161,81.17324150349916,81.25486445054412,80.9711301096066
42162,81.23934145893874,81.27303990349174,80.98667057780415
42163,81.29412689554346,81.28289930894971,80.99458573428508
42164,81.32807706085595,81.28661290556192,80.99686556609305
42165,81.33538089501975,81.29398651048541,81.00250140403664
42166,81.3024112846968,81.30244743824005,81.00913424851713
42167,81.21450936571375,81.31033824756742,81.01524432452418
42168,81.07426826780372,81.32511416822672,81.02766763024344
42169,80.90756651023143,81.33637750893831,81.03687011133385
42170,80.75064307015626,81.32915437407792,81.03254920945717
42171,80.63113502948755,81.30528227053583,81.01550686927708
42172,80.5573280219867,81.27242066897452,80.98750390013466
42173,80.52059935964773,81.23527821339667,80.95428141402559
42174,80.50599339907778,81.20204976387322,80.92583115805546
42175,80.50139307238614,81.17979627288878,80.91076233556707
42176,80.50025163265505,81.17871670983732,80.9098045231259
42177,80.5000334581448,81.18562274612486,80.91501162848704
42178,80.50000000000001,81.18995811976492,80.91786158713097
42179,80.50000000000001,81.18452915363014,80.91457347167245
42180,80.50000000000001,81.1774924043566,80.91035986343041
42181,80.50000000000001,81.18022891692817,80.9117437644934
42182,80.50000000000001,81.1882305573672,80.91795547447961
42183,80.50000000000001,81.19719286449254,80.92504805167677
42184,80.50000000000001,81.20207558013499,80.92839989451679
42185,80.50000000000001,81.19779956154525,80.9257680596441
42186,80.50000000000001,81.18730885908008,80.91956624157797
42187,80.50000000000001,81.17673389986157,80.91331592133335
42188,80.50000000000001,81.17251348122954,80.91071320519418
42189,80.50000000000001,81.17576949298382,80.91257345940377
42190,80.50000000000001,81.18070578947663,80.91597442864818
42191,80.50000000000001,81.18414063379169,80.9179986632316
42192,80.50000000000001,81.18859351426363,80.9209563754728
42193,80.50000000000001,81.1992599517107,80.9296115406537
42194,80.50000000000001,81.21657263860106,80.9443609113511
42195,80.50000000000001,81.23304622247815,80.95834087618186
42196,80.50000000000001,81.24313179031014,80.96646341288502
42197,80.50000000000001,81.24913032352924,80.97083839300826
42198,80.50000000000001,81.2537627927959,80.97396077626382
42199,80.50000000000001,81.25864515826106,80.97731229189384
42200,80.50000000000001,81.26422506943345,80.98130341626383
42201,80.50000000000001,81.27089979499578,80.98629841583758
42202,80.50000000000001,81.27906861901283,80.99266341841971
42203,80.50000000000001,81.28565949201584,80.99758153890836
42204,80.50000000000001,81.27625056169927,80.99200242356287
42205,80.50000000000001,81.24346497096121,80.9640921343911
42206,80.50000000000001,81.1845906432718,80.91130427879754
42207,80.50000000000001,81.10963068716228,80.84289424510253
42208,80.50000000000001,81.03487842343748,80.7746859170978
42209,80.50000000000001,80.97451747395098,80.72045427059798
42210,80.50000000000001,80.9320014808327,80.68335693101025
42211,80.50000000000001,80.90216429159045,80.65904153850386
42212,80.50000000000001,80.87774866819382,80.64133649803418
42213,80.50000000000001,80.85384682193398,80.62425789074982
42214,80.50000000000001,80.82789455540478,80.6046792654127
42215,80.50000000000001,80.80105968751013,80.58402451522346
42216,80.50000000000001,80.78019672073424,80.57065112683941
42217,80.50000000000001,80.78297669254243,80.57207488134009
42218,80.50000000000001,80.79990944080055,80.58647586488793
42219,80.50000000000001,80.82398757524788,80.60742872871222
42220,80.50000000000001,80.84588912688196,80.6263858060517
42221,80.50000000000001,80.85942318849266,80.63767040552331
42222,80.50000000000001,80.866336369887,80.64288406334606
42223,80.50000000000001,80.87241673283279,80.64733407130348
42224,80.50000000000001,80.87993014417589,80.6530980988364
42225,80.50000000000001,80.88921422325075,80.66048571731238
42226,80.50000000000001,80.90045311488211,80.66966578721333
42227,80.50000000000001,80.91382673941553,80.68080327270127
42228,80.50000000000001,80.92942188866436,80.69397776309509
42229,80.50000000000001,80.94560688175261,80.70769310419232
42230,80.50000000000001,80.95934415794909,80.71916404289287
42231,80.50000000000001,80.96688472665846,80.7249529691955
42232,80.50000000000001,80.96332467906177,80.72269609804468
42233,80.50000000000001,80.95232901349664,80.71620360606606
42234,80.50000000000001,80.94508010521531,80.71186786983561
42235,80.50000000000001,80.94699362292886,80.71249713519063
42236,80.50000000000001,80.95208200439811,80.71603756316541
42237,80.49993308371043,80.94923874735832,80.71415608628045
42238,80.49949673468993,80.92375295050442,80.69514621545325
42239,80.49728077151734,80.876180132851,80.65333427100747
42240,80.48851646715455,80.81016085855663,80.59360732560822
42241,80.46152050918725,80.73996197991073,80.52982119223114
42242,80.39676057258252,80.6747302915901,80.47085914637417
42243,80.27577308281717,80.60422859154642,80.40677891778722
42244,80.09973732393237,80.50880769453943,80.31849744229368
42245,79.90026267606763,80.38754337094724,80.20511709106005
42246,79.72422691718285,80.25868468545377,80.0843611605663
42247,79.60323942741749,80.13344026170671,79.9671153649021
42248,79.5384125745232,80.02149816416204,79.86278864536395
42249,79.51098026753539,79.93177502416074,79.78004075580652
42250,79.50000000000001,79.8636789675802,79.71829686118394
42251,79.48901973246463,79.80691852606833,79.66756199661334
42252,79.46158742547682,79.74639515019953,79.6131726010416
42253,79.39676057258252,79.67217319644988,79.54547929849602
42254,79.27577308281717,79.58477658964694,79.46499090829151
42255,79.09973732393237,79.49676539190114,79.38390564667112
42256,78.90026267606763,79.42798637785017,79.32149847090578
42257,78.72422691718285,79.3895415160805,79.28655006857943
42258,78.60323942741749,79.35907809622586,79.26147113045161
42259,78.53847949081278,79.32162340916693,79.22744017244082
42260,78.51148353284547,79.26645917631686,79.17825553401055
42261,78.50271922848269,79.19998759962618,79.11808931786105
42262,78.50050326531009,79.13108242489398,79.05555961890526
42263,78.50006691628958,79.06643399782479,78.99716401816615
42264,78.50000000000001,79.00850210525095,78.94529144977717
42265,78.50000000000001,78.95531143434346,78.89802351025705
42266,78.50000000000001,78.90464354492724,78.85320566880137
42267,78.49993308371045,78.85452562756836,78.80892195293448
42268,78.49949673468993,78.80402844212949,78.76426989606027
42269,78.49728077151734,78.756954645738,78.7229425950628
42270,78.48851646715455,78.71566899679601,78.68647726332131
42271,78.46152050918725,78.67703329958022,78.65142070448248
42272,78.39676057258252,78.63473151437938,78.61443340128267
42273,78.27577308281718,78.58170904777944,78.56732881850391
42274,78.09973732393239,78.50738779269159,78.49953908296074
42275,77.90026267606764,78.4173149522394,78.41645157958541
42276,77.72422691718285,78.33235185407102,78.3383265909316
42277,77.60323942741749,78.26184784434736,78.27424411962772
42278,77.53847949081276,78.19853602163494,78.2171466221164
42279,77.51148353284547,78.13722046278417,78.16198787457105
42280,77.50271922848268,78.07699597068131,78.10788875262413
42281,77.50043634902052,78.01656881161034,78.05359280675927
42282,77.4995636509795,77.95554617233574,77.99871853941156
42283,77.49728077151732,77.89729136787355,77.94653236121658
42284,77.48851646715454,77.84748571179807,77.90255190440793
42285,77.46152050918725,77.80396133847535,77.86467177046823
42286,77.39676057258252,77.74805845506489,77.81476975137154
42287,77.27577308281717,77.65622140653431,77.72996886080045
42288,77.09973732393237,77.52413967438042,77.60608276086224
42289,76.90026267606763,77.37881347723305,77.4693337773136
42290,76.72422691718285,77.25147408433259,77.35005338245774
42291,76.60323942741749,77.14298107661307,77.24907639790692
42292,76.53847949081278,77.03965104557574,77.15311363683854
42293,76.51148353284547,76.93224577046931,77.0531930305171
42294,76.50271922848269,76.81695217080414,76.94561136344599
42295,76.50043634902052,76.69526419229805,76.831819559492
42296,76.4995636509795,76.5847577098757,76.72888710487368
42297,76.49728077151732,76.51531612314284,76.66583644013602
42298,76.48851646715454,76.50057325512171,76.65718693303464
42299,76.46152050918725,76.5286612957716,76.68181663737637
42300,76.39669365629294,76.55295214802027,76.70296455792388
42301,76.2752698175071,76.52897386997938,76.68579276071027
42302,76.0970180954497,76.45188959687948,76.61531959841868
42303,75.88877914322217,76.34034264087677,76.51137664147632
42304,75.6856805100805,76.21471601724625,76.39375965419062
42305,75.49949673468993,76.05329795181751,76.24138239638539
42306,75.31153334514725,75.82981537282467,76.02872876592507
42307,75.09973732393237,75.55612297356129,75.76731186567356
42308,74.86450241373754,75.27515487372875,75.49882885819085
42309,74.62149075507543,75.0231356471777,75.25846071357894
42310,74.37907942652421,74.7962032109499,75.04245656367611
42311,74.13821681474514,74.5766126960516,74.83358282752087
42312,73.9117462089131,74.36679397523403,74.63419939382476
42313,73.72694614566552,74.18068544566631,74.45784300898639
42314,73.60374269272758,74.02289558947086,74.30898944475548
42315,73.53847949081276,73.8946563154459,74.18883506855941
42316,73.51098026753539,73.79469967633486,74.09614851884001
42317,73.5000334581448,73.71450482308865,74.02265440140556
42318,73.48923790697488,73.64517599344254,73.95971325133016
42319,73.46269540706311,73.57888588309288,73.89972326822787
42320,73.40114272476391,73.5113822221756,73.83855469723231
42321,73.28927106180082,73.44212835282087,73.77568634676489
42322,73.13211729223474,73.37520620971918,73.71508253912836
42323,72.9607564209503,73.32583883404732,73.67152773896312
42324,72.81224479662524,73.30246258154511,73.65508997751961
42325,72.70297675134987,73.29704091697931,73.6518060643748
42326,72.62649737025517,73.28788697905838,73.64637372973465
42327,72.57191036143857,73.27797250077128,73.64050360363925
42328,72.53459593147497,73.26722006499767,73.63415112148147
42329,72.51128201581105,73.24851209111512,73.6232191681206
42330,72.4929655356255,73.21464131958783,73.59398575292093
42331,72.46262849077354,73.12780335731804,73.51403991880362
42332,72.39691183080319,72.96549508161843,73.36079811130737
42333,72.27530327565188,72.73567074723542,73.14198543519312
42334,72.0970180954497,72.47110572643578,72.88943293354852
42335,71.88877914322218,72.21498096175492,72.64507753726305
42336,71.68574742637009,71.99246111698449,72.43335887477203
42337,71.5,71.79797002859414,72.24886146218822
42338,71.31425257362993,71.61721351929009,72.07770291372162
42339,71.11122085677783,71.43955123610795,71.90954945042031
42340,70.9029819045503,71.26604461856186,71.74543189290199
42341,70.72473018249292,71.10829577036202,71.5966181564113
42342,70.60330634370706,70.97531056590378,71.47185460522665
42343,70.53847949081276,70.8820718396455,71.38569240325482
42344,70.51148353284546,70.83973048813641,71.34868477577425
42345,70.50271922848268,70.83883632533252,71.34782405945339
42346,70.50050326531009,70.8484583441168,71.35552154953908
42347,70.50013383257915,70.84602499939501,71.35385474583849
42348,70.50050326531009,70.82287510111928,71.33769296807489
42349,70.50271922848268,70.79467031545937,71.31536791313894
42350,70.51148353284546,70.77364971861243,71.3018023264975
42351,70.53847949081276,70.79062054678798,71.31623822726628
42352,70.60323942741749,70.85931004956365,71.37809700684441
42353,70.72422691718285,70.98222288116813,71.48967525541698
42354,70.90032959235721,71.13751142844558,71.630940086614
42355,71.10024058924246,71.29335522279143,71.77271407687859
42356,71.27849231129984,71.42998721823096,71.89687196645137
42357,71.40824410542797,71.55541926249862,72.01076020286779
42358,71.5,71.68367445096374,72.127237101991
42359,71.5918228108616,71.82451110705733,72.25525043920008
42360,71.72201095401024,71.98378344997764,72.40016815398207
42361,71.90247863924023,72.1568849645555,72.55776639337212
42362,72.11115394048826,72.3256537579,72.71139180527558
42363,72.31425257362993,72.4757073186338,72.84785644363886
42364,72.50006691628957,72.62078734859824,72.97976064687803
42365,72.68625069168016,72.7861322723329,73.1302465362428
42366,72.89149837170484,72.98889729008079,73.31504441054526
42367,73.10850162829516,73.22269695624709,73.53246170617479
42368,73.31381622460943,73.46742245182395,73.76215194750664
42369,73.5004363490205,73.71069559082389,73.99021080443222
42370,73.68846665485276,73.94918202981353,74.21289276627802
42371,73.90026267606764,74.18064608797431,74.4276864887184
42372,74.13549758626246,74.40122383460402,74.6302516112172
42373,74.37857616121414,74.61332201585174,74.82360744508647
42374,74.62142383878586,74.83225252851844,75.02432227292832
42375,74.86450241373754,75.06426486000419,75.23973184507923
42376,75.09973732393237,75.29669320210814,75.45560872348636
42377,75.31153334514725,75.5138889811933,75.6543749015581
42378,75.4995636509795,75.71793984994292,75.84035184007557
42379,75.68618377539059,75.92258110269904,76.02687009092801
42380,75.89153182984963,76.13201668485999,76.21778445537345
42381,76.108786719095,76.33539792522788,76.40314737844469
42382,76.31536055521623,76.52199866995215,76.57312360591236
42383,76.50710138066408,76.70357647165656,76.73849408187847
42384,76.71123220350927,76.90187346562743,76.91919502303965
42385,76.96235783081997,77.13687935099006,77.1379672665491
42386,77.2723017168849,77.43095913156867,77.41290795797555
42387,77.62649737025515,77.7864786349237,77.7441042539989
42388,78.00265231219312,78.19273051247,78.1217523420764
42389,78.38505307887988,78.61823045834899,78.5170243931801
42390,78.76402872704486,79.0287590585649,78.89858837385161
42391,79.13211729223474,79.41427212581038,79.25724748333222
42392,79.48606567199586,79.78067871555686,79.59841225416633
42393,79.82883770781935,80.14864733442664,79.94100728550434
42394,80.1656052421234,80.52277209982276,80.28923912038766
42395,80.49971490920018,80.88987534865737,80.63104176598357
42396,80.83275005283545,81.25473820790648,80.97079309384539
42397,81.16399399522703,81.61849477514625,81.30953146359863
42398,81.48844955086497,81.97218522056937,81.63905306454677
42399,81.79430402016746,82.31642698869109,81.95992313349751
42400,82.06082148409911,82.62193002924323,82.24532313354577
42401,82.26472589899221,82.84412049874663,82.44969989166246
42402,82.39676057258252,82.9670158661902,82.56126214229316
42403,82.47250077672263,83.00180564448237,82.59203693815779
42404,82.52692904167773,83.004220161587,82.5931255955837
42405,82.60052019893482,83.06179795786738,82.64479560877443
42406,82.72372365187276,83.20674039050937,82.77657368989799
42407,82.90019575977806,83.40569047257304,82.9578734813974
42408,83.09977078207717,83.59644893929362,83.13166204805995
42409,83.27605817361699,83.73440150544047,83.25703083590594
42410,83.3983718194789,83.83474253490567,83.34791211769745
42411,83.4686218898513,83.93549856171012,83.43917394567765
42412,83.51349797898365,84.05457914248109,83.54723826522111
42413,83.56814023063245,84.18953943625093,83.66986333359124
42414,83.6632299069901,84.33225652948022,83.79960091689219
42415,83.81217788033567,84.47806173935533,83.93217007940812
42416,84.00000000000001,84.61775789037347,84.05913763257638
42417,84.18782211966435,84.73079198226333,84.16165768582012
42418,84.33677009300992,84.81021184846759,84.23335555307548
42419,84.43185976936756,84.88255715742707,84.29856647653487
42420,84.48650202101636,84.97667944058776,84.38374555722837
42421,84.53137811014871,85.10217451676726,84.49769158126325
42422,84.60162818052112,85.25086065754294,84.63290243264998
42423,84.72394182638303,85.4106398485601,84.77828489664722
42424,84.90022921792286,85.56881922110915,84.92220045166628
42425,85.09973732393237,85.70185190066695,85.04305802871352
42426,85.2757061665276,85.7955731190741,85.12786936807105
42427,85.39619039098287,85.87372451648116,85.19840412027987
42428,85.45829801539449,85.966194126755,85.28206781419816
42429,85.47424678953683,86.0825419537723,85.38762637449004
42430,85.44674756625946,86.21987069770694,85.51242316281909
42431,85.35455532266693,86.3613999299705,85.6410715331095
42432,85.1581970614924,86.42773943021894,85.70077550691082
42433,84.82504411778123,86.24618690088391,85.52884387328614
42434,84.35549493699752,85.71583830192685,85.01816517337498
42435,83.7850364504946,84.92976682260633,84.28580407091783
42436,83.16171111576486,84.13201789930463,83.54356350701616
42437,82.52649269265723,83.44086490944028,82.89150516976379
42438,81.90902698043041,82.85370605066419,82.32742762951811
42439,81.32661655330833,82.31154065206647,81.8052725736899
42440,80.78199441478498,81.76686530187726,81.28067988480838
42441,80.26847187418335,81.21460198238492,80.74871785673236
42442,79.78149114947487,80.67723261192441,80.23122067965375
42443,79.32389732482565,80.1794322617352,79.75215249430046
42444,78.89754344758495,79.72839756682515,79.31850262114058
42445,78.48808011813405,79.31528328731656,78.92168068464039
42446,78.05897495365745,78.90661548450589,78.52917706818181
42447,77.56359567808401,78.46981893852353,78.10935514343261
42448,76.967285975375,77.96364026144147,77.62214994530184
42449,76.26700877845438,77.29212479665875,76.98670528437793
42450,75.5,76.4149590022862,76.17727660087505
42451,74.73299122154563,75.46797804906964,75.30878300459793
42452,74.03271402462502,74.64744739606977,74.54726865554521
42453,73.43647123820557,74.05686377361417,73.98029375292376
42454,72.94146139536306,73.63127284124494,73.57135463031388
42455,72.51420276132814,73.27556239441037,73.23028268510275
42456,72.11179103837749,72.91222839429975,72.88180685439274
42457,71.70625421064484,72.51775490120053,72.50308858977856
42458,71.29703519943749,72.1047882027924,72.10640996820834
42459,70.90026267606763,71.69043787196279,71.708387560001
42460,70.5269959579673,71.3001617975533,71.33374584896984
42461,70.17332848118947,70.93808250501752,70.98648851382268
42462,69.82667151881054,70.56054546311498,70.62421882923705
42463,69.4730040420327,70.144197601825,70.2242564941044
42464,69.09980424022194,69.7055362649262,69.80262350146857
42465,68.7034680658726,69.2606090195477,69.37490516183314
42466,68.29653193412742,68.85740881040692,68.98771167391659
42467,67.90026267606764,68.54588260129094,68.68955096039537
42468,67.52749922327737,68.2826363928616,68.43827929282631
42469,67.17604770967213,67.98899664357305,68.15748976450564
42470,66.83822196794557,67.63282867148519,67.81597343317533
42471,66.51198679815556,67.22662805393338,67.42586596632611
42472,66.20576289612211,66.82152672484517,67.0368260980524
42473,65.93924543219048,66.49921749904752,66.7281930757909
42474,65.73577736631788,66.31403236463666,66.552733458372
42475,65.6058917396106,66.24929501488805,66.49425150165547
42476,65.53847949081276,66.25425104424357,66.49767056807177
42477,65.50876430436278,66.27358646318316,66.51427465411088
42478,65.49073243032714,66.28027510643005,66.51928241713077
42479,65.45923762972507,66.26000710017979,66.50663444180677
42480,65.38477377442698,66.22530593536794,66.4763885492531
42481,65.23407109821164,66.13226619921625,66.39041960781816
42482,64.98222821889718,65.90468717180192,66.17378750687591
42483,64.6255694699165,65.51441431604326,65.79914898038457
42484,64.17945917811272,65.0071420725435,65.31088179170798
42485,63.66404896072925,64.44210678897798,64.76651569540591
42486,63.09695117916013,63.85253537259996,64.20039726770923
42487,62.49949673468993,63.258721536025405,63.63068953143433
42488,61.90026267606764,62.686892276629806,63.079725184511744
42489,61.324400590135724,62.149708991870284,62.56240872255211
42490,60.78155806576446,61.638540333136916,62.070357424973324
42491,60.26847187418335,61.127251571044326,61.57818938700257
42492,59.78206133107453,60.592955654487014,61.06367707698319
42493,59.3271198186184,60.04935831390321,60.54013132344513
42494,58.91181312520267,59.54556161724031,60.05523958239646
42495,58.53847949081277,59.13540736399591,59.66129237970428
42496,58.202976751349865,58.83628470264375,59.37517781268694
42497,57.90026267606764,58.61514556966722,59.164800107981236
42498,57.620920573475786,58.411148911342025,58.97107096602807
42499,57.340096670401394,58.17988411150873,58.75085930153959
42500,57.021277891309595,57.9142158087343,58.49723532382936
42501,56.6376231843616,57.60839272104204,58.20461341912792
42502,56.18496455136764,57.21984124742448,57.83164663805987
42503,55.67647210790531,56.6986960824579,57.32990620925862
42504,55.13778046572463,56.048240607604384,56.712278742442535
42505,54.61200373178028,55.35570031963289,56.059046602416096
42506,54.15420477970045,54.76958424411714,55.495851425572944
42507,53.80097365194311,54.366845881566405,55.10910648322162
42508,53.54126563558502,54.12664703093469,54.88021816801596
42509,53.32623937178547,53.970708852633834,54.73316292523901
42510,53.114007001550085,53.82981381379068,54.600717423023305
42511,52.90348516986039,53.67621815763414,54.455937206538295
42512,52.72473018249292,53.51484899781644,54.30360745631768
42513,52.60280307839699,53.36112951301038,54.15870700085234
42514,52.535760262330086,53.238740576431155,54.04423442789623
42515,52.5,53.16196006350219,53.97405627150339
42516,52.464172821380345,53.11444419436157,53.93229963734856
42517,52.39676057258251,53.06716709770262,53.89077489658127
42518,52.27312077062406,52.99691356159747,53.82693567288285
42519,52.08825379108691,52.89541687257588,53.73275344370225
42520,51.861783185254865,52.77371292747557,53.61894612922865
42521,51.620987489765355,52.64250221289694,53.49590593565422
42522,51.37901251023466,52.46673964895308,53.32959746059142
42523,51.138216814745135,52.19200890697539,53.06717211801187
42524,50.91174620891309,51.86541446484625,52.754377346891374
42525,50.72694614566551,51.61895355023444,52.519407380979075
42526,50.603742692727565,51.5046950597316,52.41283102044093
42527,50.53854640710233,51.47575265541673,52.3896066124626
42528,50.51148353284546,51.46713010035455,52.38448016036855
42529,50.502719228482675,51.43759193085134,52.36052935392935
42530,50.50050326531009,51.38474413566291,52.313594407081965
42531,50.50006691628957,51.324778409674764,52.25974660038369
42532,50.5,51.28149121440947,52.222096808053735
42533,50.499966541855215,51.267865212634206,52.21409020756885
42534,50.49971490920018,51.2887848187238,52.232146900186116
42535,50.498388753103626,51.31857651658356,52.258338760410616
42536,50.49289861933593,51.33478500135243,52.272075636970094
42537,50.47501848817089,51.31973598897457,52.263249903825674
42538,50.42914054088487,51.28029154241085,52.227734983004055
42539,50.336266827699845,51.20378125458956,52.157819274567366
42540,50.18775520337477,51.076797015964985,52.03888379742586
42541,50.00000000000001,50.88799852877855,51.85991496224195
42542,49.81224479662524,50.65696842223406,51.639931240299354
42543,49.66373317230017,50.45042455941439,51.4437282732147
42544,49.57085945911513,50.334050461649895,51.335097247592685
42545,49.52498151182911,50.311579030007124,51.31976270188856
42546,49.50710138066407,50.34500489011407,51.34928687369883
42547,49.501611246896374,50.376092936843634,51.37666740667421
42548,49.500285090799835,50.377600751817226,51.377064636277254
42549,49.500033458144785,50.35023372992873,51.35576104386204
42550,49.5,50.32765205018222,51.3402920746798
42551,49.5,50.33748188428581,51.348180120761285
42552,49.5,50.37097747437656,51.37776821560189
42553,49.49993308371043,50.41444036923349,51.41649572304792
42554,49.49949673468993,50.45571552030742,51.453217206112164
42555,49.497280771517325,50.489597795531154,51.48315988217113
42556,49.48851646715454,50.51223122142255,51.502788043987294
42557,49.46145359289767,50.498050739988685,51.49446226482069
42558,49.396257307272435,50.41763615421951,51.420754742656534
42559,49.27305385433449,50.24796768836677,51.26036479182173
42560,49.08825379108691,49.991468546912074,51.01564580692429
42561,48.86178318525487,49.68613716773689,50.723501440870905
42562,48.620920573475786,49.40511843375862,50.45496928245994
42563,48.37850924492457,49.19866925291717,50.25885827820987
42564,48.13549758626246,49.05504818074405,50.12376526992261
42565,47.90026267606763,48.926268903538585,50.00308646973201
42566,47.68839973856318,48.77386742644012,49.85946603464608
42567,47.5,48.586047826334834,49.68144788451705
42568,47.31160026143682,48.37465029768646,49.4805311192267
42569,47.099737323932374,48.16827919892967,49.284495937891236
42570,46.86450241373755,47.99135953001678,49.117063709011475
42571,46.62142383878586,47.83727955631912,48.97181312664506
42572,46.37857616121414,47.648473320528865,48.79283679864305
42573,46.13549758626246,47.36284059099853,48.51982355645243
42574,45.90026267606763,46.99682590179145,48.16874424000896
42575,45.68846665485276,46.639623073861,47.826222918146605
42576,45.50050326531009,46.37773427180946,47.576269545840205
42577,45.3143194899195,46.22766279987991,47.434911975343596
42578,45.111220856777834,46.12934976629913,47.34382167252482
42579,44.90298190455031,46.01787052117288,47.23994446954666
42580,44.72466326620335,45.89458818547428,47.12460422702329
42581,44.60280307839699,45.795462338253856,47.032724520222054
42582,44.53569334604052,45.746229926124215,46.98930079757491
42583,44.49949673468993,45.74958102963865,46.99124824205712
42584,44.46145359289767,45.772174356505275,47.010839631683936
42585,44.38527703973706,45.77177103795111,47.01023597516
42586,44.23457436352173,45.68493358232081,46.93029063030655
42587,43.98451109835935,45.461932906880975,46.718104986301924
42588,43.63483703958936,45.095833698287606,46.36694357333919
42589,43.20917436456269,44.62807736732066,45.9170538909959
42590,42.740292430179444,44.11395935155451,45.42213814487519
42591,42.256485076027815,43.60027442313731,44.92764297770271
42592,41.779275186302286,43.10971964336932,44.45561166815438
42593,41.32668346959789,42.6487851832062,44.01234727759794
42594,40.912249474223174,42.21891296841204,43.59925017822154
42595,40.54126563558502,41.829525688663125,43.22547163262917
42596,40.21489663321583,41.499549785628915,42.909392799406035
42597,39.94102504634256,41.2658663187176,42.686832163015666
42598,39.733427570566136,41.157066421583295,42.58555712693868
42599,39.5940387740342,41.13434643112123,42.56991952014919
42600,39.49778403682741,41.1400413159281,42.57401606635919
42601,39.39676057258252,41.11336278729141,42.55355193050396
42602,39.23950955517701,41.00934976898134,42.45692585933464
42603,38.99421501705272,40.77381265722215,42.23256496589208
42604,38.66411587701883,40.41566360555589,41.88912470454325
42605,38.282765521819776,39.99662718735635,41.48655125049689
42606,37.888779143222166,39.56958202086389,41.076199730520244
42607,37.50006691628958,39.155682450160384,40.67861509994476
42608,37.111724122087914,38.75321430526674,40.292132572462656
42609,36.719953706662906,38.362591033801436,39.91715365396528
42610,36.347434572116214,37.99446106515825,39.56401999608673
42611,36.04476773907013,37.66792104206979,39.25127803986164
42612,35.866449100723166,37.427563613280654,39.02223570771938
42613,35.83901679373536,37.33553866110742,38.93725232493909
42614,35.94152831165264,37.40839126519859,39.002928403181954
42615,36.112160471108425,37.54802673868835,39.12984034201172
42616,36.28077519076201,37.642348831519485,39.21520265036803
42617,36.40602814225538,37.686436442658305,39.25450299345692
42618,36.48858338344411,37.75568907521665,39.31687811959218
42619,36.553209487469694,37.905880680307746,39.453469348653755
42620,36.6177649959726,38.12341277860105,39.652613330151986
42621,36.67281326509204,38.34353666566312,39.854668667748
42622,36.68792419872971,38.48164521716535,39.98018046849099
42623,36.63755626807203,38.482041945680976,39.97999581146307
42624,36.51774806234786,38.344466080889106,39.8507738349325
42625,36.34053301942189,38.10839076898992,39.62589026432028
42626,36.126733281899675,37.812365045771,39.34278345275988
42627,35.90902698043042,37.49800064228475,39.04186635885545
42628,35.726442880355435,37.21031015180051,38.766854651476294
42629,35.603675776437996,37.017894675955176,38.584373024915855
42630,35.53854640710234,36.96800220571458,38.54030825385203
42631,35.51148353284547,37.00425930134952,38.57242849209656
42632,35.502719228482675,37.05447783134878,38.61735050587768
42633,35.50050326531008,37.106044141575694,38.66350836400464
42634,35.500066916289576,37.16113171540201,38.712895007457284
42635,35.5,37.21815084479749,38.76405275399303
42636,35.5,37.27440415136516,38.81450829840318
42637,35.500066916289576,37.3277458306402,38.862294047113004
42638,35.50050326531008,37.37805460952222,38.907298821994594
42639,35.502719228482675,37.427406860515475,38.951426507828785
42640,35.51148353284547,37.47506815753877,38.99400370286027
42641,35.53847949081276,37.52132955752313,39.03529727458553
42642,35.60323942741749,37.567010490223765,39.07605859631787
42643,35.72422691718284,37.612348487600684,39.116505461743834
42644,35.9003295923572,37.657840786501765,39.15709382039705
42645,36.10030750553203,37.70174860022962,39.196229293088635
42646,36.27906249289949,37.74409322999418,39.23393143212163
42647,36.4115335155103,37.785803182050586,39.271051611845735
42648,36.51477294292779,37.82735643349588,39.30802810610041
42649,36.64500832831258,37.86736520938575,39.343588400664885
42650,36.877932633568626,37.90783046744764,39.37956725267375
42651,37.279908007498776,38.01299603097141,39.47487236081687
42652,37.87736245196898,38.427825374528766,39.86037419161141
42653,38.641718918230254,39.31876037828624,40.68180962100119
42654,39.5,40.37445889227092,41.65410662342077
42655,40.35828108176976,41.358903808519244,42.56116197498717
42656,41.12257063174145,42.27134226076305,43.40228653535444
42657,41.71958872719115,42.973838372156024,44.051182895200256
42658,42.119415054238274,43.29388083331287,44.34989555416348
42659,42.34401140415204,43.390955766662955,44.437782055730686
42660,42.44946679474213,43.44380903802812,44.48511997017087
42661,42.49677750620725,43.49461336247623,44.53057913822902
42662,42.53569334604052,43.54667695425451,44.57719295913271
42663,42.60538847430052,43.60101958923042,44.625896523026995
42664,42.73571045002831,43.65559651516378,44.67481492769609
42665,42.939245432190475,43.70730775408447,44.72110567539891
42666,43.20576289612211,43.75711918435991,44.765654420297146
42667,43.51198679815555,43.81222525797784,44.815058013142824
42668,43.83822196794558,43.921410305425525,44.91404872328009
42669,44.175980793382564,44.238871647045016,45.21039811023164
42670,44.5269959579673,44.810510290786624,45.739478138826556
42671,44.89761036387453,45.50256033055484,46.37880993604814
42672,45.28548475030245,46.23550523631275,47.055585829581005
42673,45.66720453823244,46.741682125255466,47.524727577586205
42674,46.005262200877674,47.24129460565746,47.987858817212256
42675,46.275269817507095,47.90872733108699,48.60465031845523
42676,46.48851646715454,48.32931367866695,48.995423379905766
42677,46.68353146319748,48.53902824036777,49.186593558509806
42678,46.89099510639477,48.96073923818767,49.57839636500677
42679,47.10843471200559,49.624016208574176,50.191382751433146
42680,47.31374930831984,50.03407473675907,50.572516318761664
42681,47.49993308371043,50.146310022100806,50.674303923048726
42682,47.68574742637008,50.17714714817703,50.701454376310316
42683,47.888779143222166,50.20231196843088,50.72340367001296
42684,48.0970180954497,50.22770646028221,50.74556356801761
42685,48.27526981750708,50.25228742696345,50.766977506588134
42686,48.39669365629294,50.275576973333955,50.78720728880157
42687,48.46152050918724,50.29603814147413,50.80484361279391
42688,48.48858338344411,50.3126056920737,50.8189097393465
42689,48.497784036827404,50.32805046625435,50.83194634711003
42690,48.5022159631726,50.3451934736222,50.84654013283778
42691,48.51141661655589,50.36172307096422,50.86057145595157
42692,48.53847949081276,50.37619790248573,50.87271868238026
42693,48.60323942741749,50.389541951939464,50.88382904802075
42694,48.72422691718283,50.39975951053202,50.89207261471292
42695,48.9003295923572,50.407813189551234,50.89833203298614
42696,49.10024058924245,50.416245644912124,50.90493876561606
42697,49.27849231129984,50.4261594992131,50.91290385609631
42698,49.408244105427976,50.44567675702274,50.92967467897115
42699,49.5,50.54732411168516,51.02175381045251
42700,49.59175589457203,50.943031718954444,51.389747281422444
42701,49.72164152127931,51.580046167597175,51.97868699463057
42702,49.900765941377706,51.92685320042074,52.301905960272904
42703,50.10517578089773,51.91426598653197,52.29449731804412
42704,50.29931033010773,51.782983150333166,52.17138708813378
42705,50.476942048000794,51.71848541870713,52.11313784621948
42706,50.68226904163993,51.98640874400735,52.36741103638442
42707,50.98750350677808,52.618467185646296,52.95181287574056
42708,51.44281445196516,53.320541832596064,53.60032309994
42709,52.04114375379321,54.16652933135629,54.38060359828224
42710,52.72865109473612,55.026320073753595,55.173522911948545
42711,53.44672359624074,55.73762783780694,55.83048740529433
42712,54.164497260537104,56.406120095402,56.44824908290594
42713,54.877295610376706,57.15858522430062,57.14289826356222
42714,55.57706954198724,58.01599786058068,57.93363991047579
42715,56.224803528538786,58.89184347167611,58.74125918547736
42716,56.757934385424775,59.57134065404534,59.369097239433394
42717,57.130831670794166,59.89159432426095,59.66800331076101
42718,57.346227367324644,60.00069461390376,59.76691632062713
42719,57.447250831569534,60.061347369104624,59.82140588718738
42720,57.48529397336179,60.11629733070731,59.87066633480399
42721,57.496710589917676,60.1700730510056,59.918850074733285
42722,57.49942981840035,60.222723450511694,59.9660019801047
42723,57.49993308371043,60.27245994284749,60.01048200137903
42724,57.50000000000001,60.31846007332206,60.0515360059571
42725,57.50000000000001,60.36327965930104,60.09150751952945
42726,57.50000000000001,60.409256514161825,60.132540185823174
42727,57.50000000000001,60.4542327709496,60.17265536144604
42728,57.50000000000001,60.49662047252059,60.210396997293806
42729,57.50000000000001,60.53988493606448,60.24894256137351
42730,57.500066916289576,60.585242349654436,60.28940722200311
42731,57.50050326531009,60.62849858030677,60.32794524335682
42732,57.50271922848268,60.66735288128257,60.36244695897094
42733,57.51148353284547,60.70456891134381,60.395446474507324
42734,57.53847949081277,60.74305176362395,60.42960758642506
42735,57.6032394274175,60.78237556293607,60.46453980414372
42736,57.72422691718285,60.82053079083562,60.49840051643166
42737,57.90026267606764,60.8567562289536,60.53049172253897
42738,58.09973732393239,60.89079895988107,60.560581526741814
42739,58.275773082817174,60.92307950928807,60.58905551445677
42740,58.396760572582515,60.95358769968152,60.61590435504602
42741,58.461520509187245,60.98097886517644,60.6398950699568
42742,58.48851646715455,61.006235275417566,60.66192834741868
42743,58.49728077151733,61.03009969368577,60.68268524872602
42744,58.49949673468992,61.050487626343966,60.70025442645854
42745,58.49993308371044,61.06731851771474,60.71456201001859
42746,58.50000000000001,61.082679126411676,60.72752144224319
42747,58.50000000000001,61.098456393927336,60.74086292588782
42748,58.50000000000001,61.113664139062166,60.75368219560239
42749,58.50000000000001,61.12722095474601,60.764987659472574
42750,58.50000000000001,61.14010954275727,60.775680399527175
42751,58.50000000000001,61.154955234378576,60.78816768212373
42752,58.50000000000001,61.17169938981533,60.80239574089962
42753,58.50000000000001,61.18730428814888,60.815579166495155
42754,58.49993308371044,61.19996704906225,60.826064828425714
42755,58.49949673468992,61.20889960229397,60.83313012227235
42756,58.49728077151733,61.215045399963856,60.8376401334531
42757,58.48851646715455,61.22133884951472,60.842285532582665
42758,58.461520509187245,61.22867111861706,60.84788346470067
42759,58.396760572582515,61.22645116224885,60.8463284138338
42760,58.2757061665276,61.18115460500121,60.80672715362299
42761,58.0992340586223,61.06836487725377,60.70157722488931
42762,57.897543447584965,60.91293616965413,60.55501677473557
42763,57.71274338433739,60.749736327677965,60.40090908465669
42764,57.56475993660473,60.58918406441808,60.24937268630442
42765,57.43524006339528,60.429423440247774,60.098605127191895
42766,57.28718969937306,60.26746504381299,59.94570311397102
42767,57.101953287104976,60.103822369128466,59.79116535341876
42768,56.89804671289504,59.94040482118726,59.63684623339674
42769,56.712810300626955,59.77754433825612,59.48306811936923
42770,56.56475993660474,59.614593494683504,59.329202243262515
42771,56.43524006339528,59.45174752548337,59.17543820139322
42772,56.28718969937306,59.289564091712236,59.02231765441431
42773,56.101953287104976,59.128004897385836,58.86980334555103
42774,55.89804671289504,58.96640107408166,58.71724570209643
42775,55.712810300626955,58.80396855250001,58.563883218523465
42776,55.56475993660473,58.64128175750375,58.410273787607984
42777,55.435240063395284,58.479142252355814,58.2571958648383
42778,55.28718969937306,58.31653741374612,58.10366604096369
42779,55.101953287104976,58.15225461497903,57.94850660329789
42780,54.89804671289504,57.98762536421418,57.7930106787602
42781,54.712810300626955,57.824267361313105,57.63874937969652
42782,54.56475993660474,57.662399012595415,57.48593483058241
42783,54.43524006339528,57.500275034457445,57.332871993114566
42784,54.28718969937306,57.33560787513852,57.17733924824108
42785,54.101953287104976,57.16999416425824,57.02088723514057
42786,53.89804671289504,57.00695987418294,56.866940331228825
42787,53.712810300626955,56.84653617814183,56.71552878506331
42788,53.56475993660473,56.68522544577718,56.56325575813563
42789,53.43524006339528,56.52172549441457,56.40885659463378
42790,53.28718969937306,56.35836981609464,56.254597557517876
42791,53.10195328710497,56.19685571268201,56.102127043714184
42792,52.89804671289504,56.036984745413065,55.95125230515991
42793,52.712810300626955,55.87783877924085,55.801081677514524
42794,52.56475993660473,55.718485716730356,55.65070992854852
42795,52.43524006339527,55.557993058115244,55.49923142493704
42796,52.28718969937306,55.39501306787133,55.345337243817205
42797,52.10195328710497,55.22728205099702,55.18682890536223
42798,51.89804671289503,55.057696882635355,55.026519862133455
42799,51.71281030062694,54.891657296568155,54.869654256997
42800,51.56475993660473,54.72928452864289,54.71634981739097
42801,51.43524006339527,54.56605828180909,54.56221648017211
42802,51.28718969937306,54.399962071329355,54.405295851145354
42803,51.101953287104976,54.23268863931298,54.24723194690891
42804,50.89804671289504,54.06580254808068,54.08954422202607
42805,50.712810300626955,53.89920723810792,53.932138896182686
42806,50.56475993660473,53.73370522633195,53.775795349610654
42807,50.43524006339527,53.569321129471064,53.620537538689376
42808,50.287189699373045,53.40591150894761,53.466226091007265
42809,50.10195328710497,53.24317676201463,53.312570101457645
42810,49.89804671289503,53.079608861356974,53.15810493972896
42811,49.712810300626955,52.91503283753991,53.0026607230404
42812,49.56475993660473,52.752361837774515,52.84906661787639
42813,49.43524006339527,52.59257686510682,52.698275406014034
42814,49.28718969937306,52.43309614434838,52.54777967356785
42815,49.10195328710497,52.272762302309275,52.39645542422417
42816,48.89804671289503,52.11186644807458,52.24458532243251
42817,48.712810300626955,51.94912428036332,52.090922128676276
42818,48.56475993660473,51.784400317817926,51.9353342484652
42819,48.43524006339527,51.61873051896691,51.778827762141844
42820,48.28718969937306,51.453614983707666,51.622859566505795
42821,48.101953287104976,51.29028556123376,51.46862602456899
42822,47.89804671289504,51.12926906719804,51.31663876278844
42823,47.712810300626955,50.96873878315091,51.16512371458345
42824,47.56475993660473,50.80729304626584,51.012719590985256
42825,47.43524006339527,50.64435525611043,50.85886642199623
42826,47.28718969937306,50.48021538928151,50.70384577737018
42827,47.101953287104976,50.31518583372235,50.54796108439673
42828,46.89804671289504,50.14849405363202,50.39046208115342
42829,46.712810300626955,49.98064352944493,50.23183770730046
42830,46.56475993660473,49.81364293769002,50.07403876177876
42831,46.43524006339527,49.64833517745137,49.91788388112262
42832,46.28718969937306,49.48427601531148,49.76294158994418
42833,46.101953287104976,49.320790607482195,49.60855655911328
42834,45.89804671289504,49.157497722655535,49.45435847247174
42835,45.712810300626955,48.99383359029889,49.29979988325694
42836,45.56475993660473,48.83005975559354,49.14513475268583
42837,45.435206605250485,48.66672568395734,48.990896695761485
42838,45.28697152486281,48.50284029915929,48.836123214898265
42839,45.100845305518675,48.33960451558232,48.6819805811297
42840,44.89366456071364,48.17638062313199,48.52784952988792
42841,44.699312321643305,48.01297219470143,48.373539251257014
42842,44.532379968302365,47.85162924602628,48.221234942197256
42843,44.37467940222302,47.691010762006044,48.06963423615409
42844,44.19873547091015,47.52811102941632,47.9158179924739
42845,44.0,47.362220007926226,47.75909666636778
42846,43.801264529089856,47.196115154773,47.60216767505002
42847,43.62532059777698,47.03358705714345,47.44871236472491
42848,43.467620031697635,46.87349225953221,47.297620256154126
42849,43.30068767835671,46.71325804665685,47.146392752345605
42850,43.10633543928637,46.550635416060686,46.99284566097433
42851,42.89915469448133,46.385616559535265,46.83697136095768
42852,42.71302847513721,46.21973778679967,46.68026191834073
42853,42.564793394749515,46.05375533178449,46.52345178830741
42854,42.43524006339528,45.88916351273656,46.367992190143745
42855,42.28718969937306,45.72762622311711,46.2154991576453
42856,42.101953287104976,45.56830881908536,46.06516203854687
42857,41.89804671289504,45.40817688778043,45.914033879344345
42858,41.712810300626955,45.24457912519574,45.75953970509637
42859,41.56475993660473,45.07916547730565,45.6032819770592
42860,41.43524006339528,44.91360970214009,45.44688623047543
42861,41.28718969937306,44.74556132033467,45.28806969092147
42862,41.101953287104976,44.57533373311162,45.12713671043054
42863,40.89804671289504,44.40516285970807,44.966258809553565
42864,40.71281030062695,44.2367770858109,44.80711457059434
42865,40.56475993660473,44.07052018120885,44.65003788582028
42866,40.43524006339527,43.90532307699323,44.493990458549014
42867,40.28718969937305,43.739722061902285,44.337550776639965
42868,40.101953287104976,43.57340456917882,44.18041525776395
42869,39.89804671289504,43.40789442136884,44.0240638300967
42870,39.712810300626955,43.24311910942197,43.86842606043646
42871,39.56475993660473,43.0777371712029,43.71219915766141
42872,39.43524006339528,42.9108930118382,43.554552170966254
42873,39.28718969937306,42.74396936967969,43.39682795541438
42874,39.101953287104976,42.57899164035916,43.24099360524954
42875,38.89804671289504,42.41536955907941,43.08647583876448
42876,38.712810300626955,42.251265961676836,42.93149042941504
42877,38.56475993660473,42.087003488093615,42.77635068485407
42878,38.4351731471057,41.92262913659215,42.62110231605787
42879,38.28675335035254,41.757764119654894,42.46537743897687
42880,38.099737323932374,41.591930229216814,42.308711560434055
42881,37.889282408532246,41.42417587712407,42.15018059003789
42882,37.685814342659654,41.25573201850057,41.990979952683645
42883,37.5,41.088128585368395,41.83259551795591
42884,37.31418565734036,40.923077899962664,41.6766902924932
42885,37.11071759146776,40.76068179681897,41.523363184462546
42886,36.90026267606763,40.599017072468996,41.370746386703395
42887,36.71324664964745,40.43702872470021,41.21781527354526
42888,36.5648268528943,40.275259751826525,41.06509721346425
42889,36.43524006339528,40.11478405073285,40.91363518422445
42890,36.28718969937305,39.95442782714963,40.76228920164597
42891,36.10195328710497,39.792079377919436,40.60900837650718
42892,35.89804671289503,39.628156799823046,40.454198789288576
42893,35.71281030062695,39.46271564438939,40.29791436352761
42894,35.56475993660473,39.2964317984879,40.14081151585351
42895,35.43524006339528,39.132322657853365,39.98582070737526
42896,35.28718969937305,38.97099520638585,39.83353144832469
42897,35.10195328710497,38.81131808832288,39.68284497274084
42898,34.89804671289503,38.65151061490178,39.53203191907233
42899,34.71281030062695,38.48982344940305,39.37939330353633
42900,34.56475993660473,38.32637553289533,39.22504467883242
42901,34.43524006339528,38.1622425802052,39.07003076848053
42902,34.28718969937305,37.996731001883745,38.913677942279264
42903,34.10195328710497,37.82903902605176,38.75520752472167
42904,33.89804671289503,37.661397237330675,38.596785866712665
42905,33.71281030062695,37.495103765279055,38.43967367271887
42906,33.56475993660473,37.32800339534879,38.28177782395527
42907,33.4351731471057,37.15955190733075,38.122569797668405
42908,33.28675335035255,36.99226390197873,37.96449171450154
42909,33.099737323932374,36.828627813607454,37.80996036802086
42910,32.889282408532246,36.666682083159685,37.65707065249796
42911,32.685814342659654,36.503483045846224,37.50296374616861
42912,32.5,36.33948462083936,37.34808046902902
42913,32.31418565734035,36.176790077239275,37.194463537733654
42914,32.11071759146776,36.015048164874315,37.041771791785195
42915,31.900262676067634,35.85201459005475,36.887825576025385
42916,31.713246649647452,35.68736185505986,36.73230682355717
42917,31.5648268528943,35.522484082728624,36.57656953913008
42918,31.435240063395277,35.357116390019655,36.42035645680027
42919,31.28718969937305,35.191983211785555,36.264371132134094
42920,31.10195328710497,35.028119910508394,36.10961909193072
42921,30.898046712895038,34.86439164355397,35.954998204121495
42922,30.71281030062695,34.70000382140279,35.79973674749228
42923,30.56475993660473,34.53553833439946,35.64439987274131
42924,30.435240063395277,34.37075139954686,35.48875084255602
42925,30.28718969937305,34.20561735704541,35.332764667242074
42926,30.101953287104976,34.042592126876116,35.17882655079696
42927,29.898046712895038,33.88145150616765,35.02671873302468
42928,29.71281030062695,33.719411972910166,34.87373790768707
42929,29.56475993660473,33.55651346221566,34.71992286655157
42930,29.4351731471057,33.39421569183469,34.566691263228805
42931,29.286753350352548,33.23124994710088,34.412810934248554
42932,29.09973732393238,33.067658830434084,34.25832321853247
42933,28.889282408532246,32.90411954000592,34.1038858492233
42934,28.685814342659647,32.73927916958928,33.94818488937108
42935,28.5,32.574026484042406,33.792083519842734
42936,28.314185657340353,32.40923007205129,33.63642526575185
42937,28.11071759146776,32.24510692432523,33.48142087547883
42938,27.900262676067634,32.083247009664774,33.32861450543237
42939,27.71324664964746,31.923417691141367,33.17778023292182
42940,27.5648268528943,31.763997856527567,33.027343652981024
42941,27.435240063395277,31.605207208544016,32.877518105484
42942,27.28718969937305,31.44590750709176,32.727198195168654
42943,27.101953287104976,31.284672800451517,32.57499901406954
42944,26.898046712895038,31.123185012489557,32.42255403604728
42945,26.71281030062695,30.96224196627736,32.270638130463865
42946,26.56475993660473,30.802236426621675,32.11963273167804
42947,26.4351731471057,30.642993707209826,31.96936815089045
42948,26.286753350352544,30.483317259699106,31.81868235399435
42949,26.099737323932374,30.32178834453225,31.66619744304075
42950,25.889282408532246,30.159124318510294,31.51261012787455
42951,25.68581434265965,29.996368680149317,31.358933848084455
42952,25.5,29.83323720470071,31.20489255459154
42953,25.314185657340353,29.669480625540018,31.050244150105073
42954,25.110717591467758,29.505453053861856,30.895332566153204
42955,24.90026267606763,29.341906521469355,30.74088818682759
42956,24.713246649647456,29.178525928407907,30.586604934510472
42957,24.564826852894303,29.014226380735636,30.431429242491635
42958,24.435240063395273,28.849064353853464,30.27541590898561
42959,24.287189699373055,28.684139911085367,30.119633290699216
42960,24.10195328710497,28.520497921854258,29.965096162575247
42961,23.89804671289503,28.358622137457132,29.812274409254513
42962,23.71281030062695,28.19813946262002,29.660805591816057
42963,23.56475993660473,28.03670907393098,29.508416379760515
42964,23.435240063395277,27.875384006649256,29.35612944371726
42965,23.287256615662628,27.716971937566996,29.206671569288524
42966,23.102456552415052,27.565187636762857,29.063650543166382
42967,22.90076594137771,27.43726784363389,28.943806468936074
42968,22.724293833472412,27.34805193170905,28.861551198650808
42969,22.603239427417492,27.281708914786577,28.801509832726673
42970,22.53847949081276,27.219757724553347,28.745733770320186
42971,22.511483532845464,27.157455418258905,28.689616702559075
42972,22.50271922848268,27.095941957086325,28.634265751664746
42973,22.50050326531008,27.03736189380288,28.581763680790655
42974,22.500000000000004,26.98012813180685,28.53056913218659
42975,22.499496734689924,26.920585930347443,28.477132652059993
42976,22.497280771517325,26.859284196048975,28.42198733361584
42977,22.48851646715454,26.799169797450304,28.367995144707375
42978,22.461520509187242,26.74088489636779,28.315779734088494
42979,22.396760572582515,26.683802947402,28.264732622761397
42980,22.275773082817167,26.62711602449417,28.21406915447564
42981,22.099737323932374,26.571893766522408,28.164828153489793
42982,21.900262676067626,26.528504945337772,28.12707966582418
42983,21.72422691718284,26.5042857080698,28.109614074750883
42984,21.60323942741749,26.49384698458016,28.1034421767756
42985,21.53847949081276,26.48640289902687,28.098994088711798
42986,21.511483532845464,26.479810658842325,28.09503635139947
42987,21.502719228482675,26.474046889692545,28.09155551138689
42988,21.50050326531008,26.467099748551846,28.087393481471054
42989,21.500066916289576,26.459761269390583,28.083006185322173
42990,21.5,26.451721724122763,28.07821533340814
42991,21.5,26.4431775175035,28.073133979541634
42992,21.5,26.43637114018202,28.06905297922999
42993,21.5,26.43050265312195,28.065511860321962
42994,21.5,26.42369864694774,28.061432225050847
42995,21.5,26.41703193448484,28.057431620115942
42996,21.5,26.412384958937764,28.054593642565447
42997,21.5,26.409158235415816,28.05251133844974
42998,21.5,26.40649258159101,28.050722867948654
42999,21.5,26.40277056209743,28.048381171413723
43000,21.5,26.396183401346207,28.044426359007236
43001,21.5,26.388870168477297,28.04005359368569
43002,21.5,26.385024644434452,28.037647216135642
43003,21.5,26.383992854505777,28.03671442439174
43004,21.5,26.381263706833124,28.034892705551094
43005,21.5,26.37513032928109,28.03119910683551
43006,21.5,26.36882042698562,28.027403893901145
43007,21.5,26.36309308372438,28.023944021017634
43008,21.5,26.356363505125046,28.019907228175235
43009,21.5,26.34807300567627,28.014971917814552
43010,21.5,26.339451184496284,28.00984588654635
43011,21.5,26.333116935566068,28.00603665717741
43012,21.5,26.32959651388228,28.00380053847522
43013,21.5,26.32736218906939,28.002237962819834
43014,21.5,26.323842147365212,28.00000204265414
43015,21.5,26.31751893274486,27.99619916684404
43016,21.5,26.309000205248594,27.991132484070558
43017,21.5,26.300797063857317,27.98624746079484
43018,21.5,26.292645333334804,27.98139203141814
43019,21.5,26.284189343452454,27.976361456799204
43020,21.5,26.27800641208887,27.972639334851017
43021,21.5,26.27316650748253,27.969690299157506
43022,21.5,26.268865022808313,27.967045126744328
43023,21.5,26.266959343105555,27.965654669324625
43024,21.5,26.266490265727043,27.965016577900695
43025,21.5,26.264611691236496,27.96364031311232
43026,21.5,26.26248026266694,27.96213162707641
43027,21.5,26.262224961072206,27.96160548957443
43028,21.5,26.261397898197174,27.960779916289567
43029,21.5,26.255799245089293,27.95739411871744
43030,21.5,26.24580734036863,27.951479423730124
43031,21.5,26.234241105616093,27.944658492625152
43032,21.5,26.223755478858948,27.938459593520566
43033,21.5,26.21749451942742,27.93469255192189
43034,21.5,26.214319115504622,27.932637121693418
43035,21.5,26.211473928764462,27.930754632682156
43036,21.5,26.209088319912553,27.92911282839428
43037,21.5,26.206622725352645,27.92742913296944
43038,21.5,26.20391039736569,27.925616223353387
43039,21.5,26.201305555179715,27.92385960282588
43040,21.5,26.198414092883468,27.92195287487302
43041,21.5,26.195481488481164,27.920024604105322
43042,21.5,26.19477135501802,27.919260268986566
43043,21.5,26.194516429677606,27.918734330021078
43044,21.5,26.19228290207684,27.91717217166371
43045,21.5,26.18796501494944,27.91451841042435
43046,21.5,26.181947575882077,27.9108915491361
43047,21.5,26.17568736895919,27.907124943976388
43048,21.5,26.168069256469607,27.90257668331485
43049,21.5,26.158291881904006,27.896785477845956
43050,21.5,26.149596352130175,27.891617018357852
43051,21.5,26.143815703690052,27.888126460477913
43052,21.5,26.13939804583788,27.885420448608492
43053,21.5,26.13392337411642,27.882106018496838
43054,21.5,26.128427103161812,27.878779157009777
43055,21.5,26.123728334903717,27.87591136734078
43056,21.5,26.119310714304447,27.87320537569639
43057,21.5,26.11519593372941,27.87065798643574
43058,21.5,26.112097423523664,27.868642826942978
43059,21.5,26.109302695840597,27.86678676404849
43060,21.5,26.103218644857407,27.863121556687236
43061,21.5,26.09331700950861,27.857258821262025
43062,21.5,26.083970114588737,27.85171541378342
43063,21.5,26.07563948445022,27.84675700334825
43064,21.5,26.065494598820806,27.840754248309302
43065,21.5,26.05538823455572,27.83477366654243
43066,21.5,26.047515695914626,27.830078949965415
43067,21.5,26.042640497907996,27.82710960000212
43068,21.5,26.04144654236734,27.826091880315918
43069,21.5,26.04253583587706,27.826269922753447
43070,21.5,26.04299339465797,27.826117118594443
43071,21.5,26.0399709623307,27.824141803928843
43072,21.5,26.033549290150404,27.820282253981446
43073,21.5,26.0263900347054,27.815998123617028
43074,21.5,26.02131248265505,27.812912292352603
43075,21.5,26.018697798252106,27.811150517427286
43076,21.5,26.017466500401497,27.81011324192805
43077,21.5,26.016489010304213,27.809208887781157
43078,21.5,26.01542254537344,27.808257935869943
43079,21.5,26.015436597168446,27.807872860776037
43080,21.5,26.01451975107193,27.80700026381831
43081,21.5,26.00873252749443,27.803505921763904
43082,21.5,26.000111177563667,27.798380164438825
43083,21.5,25.993090273812413,27.79417567460876
43084,21.5,25.986447298899293,27.79018873241236
43085,21.5,25.978105068206787,27.785223643426665
43086,21.5,25.968734677881002,27.779666711676086
43087,21.5,25.960391152650118,27.774700878814816
43088,21.5,25.95254529826343,27.77002152148276
43089,21.5,25.94562373869121,27.765874218383587
43090,21.5,25.942487565800548,27.76383933665061
43091,21.5,25.94017125479877,27.762233826478315
43092,21.5,25.934613345190883,27.758871487465843
43093,21.5,25.926027666777372,27.753766262630027
43094,21.5,25.917370935902,27.748620137110684
43095,21.5,25.910894306376576,27.744728949535983
43096,21.5,25.90686950646341,27.742228681089752
43097,21.5,25.902157807722688,27.739353446764504
43098,21.5,25.89610322751105,27.735705204138373
43099,21.5,25.892168017104268,27.73325185361293
43100,21.5,25.891761673614383,27.732646613455575
43101,21.5,25.892104709520936,27.732433834908807
43102,21.5,25.890365378931165,27.7311304952231
43103,21.5,25.887929214164615,27.729462214120982
43104,21.5,25.88617600686848,27.728151602805156
43105,21.5,25.88272333703935,27.725950968678298
43106,21.5,25.876197768375278,27.722031609767907
43107,21.5,25.86877111159265,27.71759355660161
43108,21.5,25.862244307994843,27.713673487309133
43109,21.5,25.85695143043995,27.71046370605801
43110,21.5,25.852251153439283,27.707595043511088
43111,21.5,25.847581062465906,27.704743759908098
43112,21.5,25.843948114663363,27.702448710198084
43113,21.5,25.84170051291585,27.70087918470593
43114,21.5,25.838690597563982,27.698910422804115
43115,21.5,25.834551755338907,27.69635042920408
43116,21.499966541855215,25.82797477580607,27.692401478193833
43117,21.499781825489748,25.819355707615614,27.687277030185644
43118,21.498958934703275,25.81319760531187,27.683569198615157
43119,21.49618802941826,25.81061778962612,27.681825685252093
43120,21.48979143109868,25.808456752449274,27.680301492109038
43121,21.482326058335858,25.802476175129414,27.676695851461986
43122,21.4922554235478,25.792430894449353,27.670750431145287
43123,21.565687836943397,25.794099813327193,27.67123203085316
43124,21.768994656252964,25.88230033032596,27.750981227427914
43125,22.1516979393811,26.32566307298839,28.162608952936363
43126,22.7049318915956,27.258641762658954,29.022540661049202
43127,23.35811607477775,28.256546957418323,29.941920614581424
43128,24.021479408344,29.01308218948543,30.640296363508682
43129,24.633174115890636,29.595740301534534,31.17946629534406
43130,25.1696538084532,30.131209118291736,31.675428461511558
43131,25.62313533223364,30.66770146600902,32.172327820952816
43132,25.98175841173188,31.176344675943255,32.64372777592161
43133,26.234004181922074,31.516384733840823,32.9607507272499
43134,26.3847068581374,31.579702427610755,33.01768387452493
43135,26.458734364414994,31.461591919884086,32.90736646113316
43136,26.48801320184446,31.309600671753287,32.76414443051833
43137,26.497213855227752,31.18150076828897,32.64412542820373
43138,26.499496734689924,31.10867896489799,32.57779193544568
43139,26.49993308371043,31.08502476476133,32.56101527578475
43140,26.500000000000004,31.09127909503877,32.56562480402932
43141,26.500000000000004,31.102777203544974,32.57504255622251
43142,26.500000000000004,31.116189843043685,32.58621581547232
43143,26.500000000000004,31.12936638854444,32.59717259389839
43144,26.500000000000004,31.140628499910235,32.60637395246958
43145,26.500000000000004,31.15116656385362,32.6149114067476
43146,26.500000000000004,31.160405250266194,32.622257405182495
43147,26.500000000000004,31.17010415159166,32.63002539962265
43148,26.500000000000004,31.18272708915174,32.64047455545985
43149,26.500000000000004,31.196666544303298,32.652130872230316
43150,26.500000000000004,31.210016621276736,32.663246765842814
43151,26.500000000000004,31.221926042810082,32.673041668181135
43152,26.500000000000004,31.233385743573308,32.682424205083436
43153,26.500000000000004,31.247652484104037,32.69438062744253
43154,26.500000000000004,31.26413526199758,32.70836901603941
43155,26.500000000000004,31.28054211474955,32.7222877879849
43156,26.500000000000004,31.296248802915215,32.73556455259096
43157,26.500000000000004,31.311510177329183,32.74843298507262
43158,26.500000000000004,31.32718069292605,32.76167657498189
43159,26.500000000000004,31.34215127490461,32.774278373886645
43160,26.500000000000004,31.354218741878867,32.78421819714319
43161,26.500000000000004,31.36504960246384,32.7930241241609
43162,26.500000000000004,31.377152958884835,32.802996851018364
43163,26.500000000000004,31.39219562150538,32.81566474952924
43164,26.500000000000004,31.408060317859054,32.829086396240335
43165,26.500000000000004,31.421819826588035,32.84057770995569
43166,26.500000000000004,31.434517374262214,32.8510952725573
43167,26.500000000000004,31.447094103321433,32.86150205223089
43168,26.500000000000004,31.45890716277063,32.87120859164503
43169,26.500000000000004,31.470672523602843,32.880871397249415
43170,26.500000000000004,31.48259329982102,32.890676712498546
43171,26.500000000000004,31.49476513080299,32.90071222536399
43172,26.500000000000004,31.50750589184463,32.91126941239436
43173,26.500000000000004,31.521873647347093,32.9233184618713
43174,26.49993308371043,31.53728370182216,32.93632323183778
43175,26.499496734689924,31.551314679905772,32.94806347725889
43176,26.497280771517325,31.557438304647803,32.95255314740185
43177,26.48851646715454,31.527763184159994,32.92843535937422
43178,26.461520509187242,31.44117423519492,32.848731365069476
43179,26.39676057258251,31.30394994840026,32.719850860548895
43180,26.27570616652759,31.144917394965887,32.569790398378174
43181,26.099234058622294,30.9805010817945,32.41450127930449
43182,25.89754344758495,30.815686460584402,32.25882533787723
43183,25.712743384337376,30.651453163474798,32.10371394937794
43184,25.56475993660473,30.487118747085333,31.94850436489287
43185,25.435206605250485,30.322389777749777,31.792911592836905
43186,25.2869715248628,30.15856533870101,31.63819730157088
43187,25.10084530551867,29.995627250522375,31.48434383460942
43188,24.89366456071364,29.832448836416006,31.330256944577417
43189,24.699312321643298,29.667185958474874,31.174145674254873
43190,24.532379968302365,29.499478604644537,31.01566033389128
43191,24.374679402223027,29.3317712508142,30.857174995326844
43192,24.19873547091015,29.165402557700872,30.69998973257702
43193,24.0,29.000667478889227,30.544391021171023
43194,23.80126452908985,28.837384309619665,30.390202376654553
43195,23.625320597776977,28.6747551523149,30.236648931724435
43196,23.46762003169764,28.512736525386572,30.083688425992516
43197,23.300754594646275,28.35187777504325,29.9318543820708
43198,23.106838704596445,28.196158569306135,29.785011805144958
43199,22.901873922964008,28.063940923660994,29.66099367573733
