index,prediction,label,err
0,0.022788763,2.4990604,2.4762716
1,0.0,1.6892434,1.6892434
2,0.0,0.89023924,0.89023924
3,0.0,0.1534613,0.1534613
4,0.0,0.0,0.0
5,0.0,0.87819546,0.87819546
6,4.4911795,4.3909287,-0.10025072
7,12.456795,13.308706,0.85191154
8,30.492748,31.3505,0.85775185
9,58.909256,60.667694,1.7584381
10,99.90923,98.38517,-1.5240631
11,136.8236,135.9213,-0.902298
12,164.85176,162.82805,-2.0237122
13,175.54195,171.88245,-3.6595001
14,164.54936,161.38866,-3.1607056
15,141.71536,134.78691,-6.9284515
16,101.43323,99.44683,-1.9863968
17,66.6907,64.42749,-2.2632065
18,39.774708,36.893234,-2.8814735
19,21.803947,19.42039,-2.3835583
20,10.400658,10.344823,-0.05583477
21,6.229002,6.2992353,0.070233345
22,3.4488966,4.5361457,1.087249
23,6.010771,3.7030065,-2.3077643
24,7.2726088,3.3537674,-3.9188414
25,5.226328,3.2766328,-1.9496951
26,0.0,3.2950885,3.2950885
27,0.0,3.1078722,3.1078722
28,0.0,0.4164971,0.4164971
29,0.0,1.2485236,1.2485236
30,2.009525,2.9390569,0.9295318
31,6.828808,5.787671,-1.0411367
32,11.856049,10.268315,-1.5877333
33,19.097029,17.914705,-1.1823235
34,33.814003,32.044643,-1.7693596
35,58.049812,56.29738,-1.7524338
36,89.13347,90.74242,1.6089478
37,127.72795,129.38272,1.6547699
38,162.30162,162.94373,0.6421051
39,182.99811,184.95468,1.9565735
40,193.47826,195.14107,1.6628113
41,197.57265,197.67464,0.101989746
42,197.71027,197.01535,-0.6949158
43,196.64874,194.8383,-1.8104401
44,191.09619,189.36778,-1.7284088
45,177.38905,176.74075,-0.6483002
46,153.71832,153.6913,-0.027023315
47,118.69332,120.63866,1.9453354
48,81.41871,83.00578,1.5870743
49,43.790176,44.283714,0.4935379
50,20.340614,19.468554,-0.8720608
51,4.9449844,5.332969,0.38798475
52,1.0698469,0.0,-1.0698469
53,2.451838,1.8131956,-0.63864243
54,11.602934,11.317259,-0.28567505
55,30.691683,30.163052,-0.5286312
56,57.788868,57.59152,-0.19734955
57,86.67616,87.80157,1.1254044
58,110.18193,111.71177,1.5298386
59,123.09953,122.34713,-0.75240326
60,119.16575,119.13268,-0.033065796
61,107.83345,107.95849,0.12503815
62,95.79041,97.016846,1.2264328
63,90.2319,90.326805,0.09490204
64,83.359245,84.241356,0.8821106
65,71.34214,72.02387,0.6817322
66,52.179577,52.20263,0.023052216
67,31.144379,30.474543,-0.66983604
68,16.49585,13.738876,-2.7569733
69,6.2179832,4.742598,-1.4753852
70,5.108962,2.261752,-2.8472102
71,7.520378,3.698654,-3.8217242
72,9.143508,6.296009,-2.847499
73,8.813986,8.171494,-0.6424923
74,7.416046,7.928619,0.51257277
75,3.084404,5.5647736,2.4803696
76,0.0,0.49892533,0.49892533
77,0.0,0.0,0.0
78,0.0,0.0,0.0
79,0.0,0.49245286,0.49245286
80,4.082141,3.1094627,-0.9726782
81,10.695065,8.9884615,-1.706603
82,25.29966,20.724972,-4.574688
83,46.82326,41.269325,-5.553936
84,76.691,70.89813,-5.7928696
85,108.78398,104.99055,-3.7934341
86,139.3001,135.93272,-3.3673706
87,161.21823,158.0492,-3.1690369
88,174.47006,170.7263,-3.7437592
89,180.11429,177.1514,-2.9628906
90,181.21786,180.54823,-0.66963196
91,182.31898,181.21065,-1.1083374
92,175.83496,176.11598,0.28102112
93,160.80685,161.03108,0.2242279
94,135.25998,133.9918,-1.2681732
95,98.960655,98.114174,-0.8464813
96,65.684,61.082813,-4.601185
97,33.82063,30.903503,-2.9171257
98,13.022873,11.422266,-1.6006069
99,0.0,1.5026838,1.5026838
100,0.0,0.0,0.0
101,0.0,0.0,0.0
102,0.0,0.7464583,0.7464583
103,1.0134637,2.7276134,1.7141497
104,5.416999,5.8757386,0.45873976
105,9.779194,9.655938,-0.12325573
106,12.422389,12.857049,0.43465996
107,16.743082,14.101358,-2.6417236
108,14.831349,12.751007,-2.0803423
109,8.166428,9.443359,1.2769318
110,0.0,5.717309,5.717309
111,0.0,3.0175116,3.0175116
112,0.0,1.889149,1.889149
113,0.0,1.9051425,1.9051425
114,0.0,2.2159684,2.2159684
115,0.0,2.1947303,2.1947303
116,0.0,1.7189046,1.7189046
117,0.0,1.024944,1.024944
118,0.0,0.39613333,0.39613333
119,0.0,0.0,0.0
120,0.0,0.0,0.0
121,0.0,0.0,0.0
122,0.0,0.0,0.0
123,0.0,0.0,0.0
124,0.0,0.0,0.0
125,0.0,0.23041521,0.23041521
126,0.0,0.68464226,0.68464226
127,0.0,1.2332666,1.2332666
128,0.0,1.7379875,1.7379875
129,0.0,2.2616544,2.2616544
130,0.0,3.0876184,3.0876184
131,0.0,4.42278,4.42278
132,0.0,6.104174,6.104174
133,0.0,7.6141295,7.6141295
134,0.0,8.30448,8.30448
135,0.0,7.673412,7.673412
136,0.0,5.701036,5.701036
137,0.0,3.0170033,3.0170033
138,0.0,0.5487253,0.5487253
139,0.0,0.0,0.0
140,0.0,0.0,0.0
141,0.0,0.0,0.0
142,0.0,0.0,0.0
143,0.0,0.0,0.0
144,0.0,0.0,0.0
145,0.0,0.0,0.0
146,0.0,0.0,0.0
147,0.0,0.0,0.0
148,1.7786659,2.6342266,0.85556066
149,9.529923,8.227251,-1.3026724
150,23.579811,21.366232,-2.2135792
151,49.012627,45.718925,-3.2937012
152,86.24139,80.978065,-5.263321
153,130.1829,120.571846,-9.611061
154,165.2958,154.30177,-10.994034
155,187.17653,174.31805,-12.858475
156,192.96638,179.17488,-13.791504
157,187.95561,173.589,-14.366608
158,177.01172,165.4662,-11.545517
159,174.42769,161.77492,-12.652771
160,176.96152,164.8963,-12.065216
161,182.82741,172.32877,-10.498642
162,190.05402,179.89594,-10.158081
163,192.94734,184.39539,-8.551956
164,189.24188,183.07884,-6.16304
165,176.03978,172.22952,-3.810257
166,151.02946,149.10655,-1.9229126
167,114.62353,114.61511,-0.008415222
168,74.46644,75.71071,1.2442703
169,41.026833,41.918804,0.8919716
170,10.892841,11.464194,0.57135296
171,0.18579865,0.9223419,0.73654324
172,0.0,0.0,0.0
173,7.1333876,7.683347,0.54995966
174,25.62882,25.25844,-0.3703804
175,52.695305,53.645588,0.95028305
176,93.18154,89.781555,-3.3999863
177,133.62805,125.929,-7.699051
178,162.06653,153.15848,-8.908051
179,174.08142,165.97557,-8.10585
180,171.88692,164.6611,-7.225815
181,161.34012,155.0351,-6.305023
182,148.60268,145.99753,-2.6051483
183,146.69083,144.60487,-2.0859528
184,152.76436,151.60571,-1.1586456
185,162.42291,162.21785,-0.20506287
186,173.59062,171.2226,-2.3680267
187,179.42625,176.16048,-3.2657776
188,178.73753,175.95915,-2.7783813
189,171.00172,168.4398,-2.5619202
190,150.06271,150.51694,0.45422363
191,121.66916,121.228294,-0.44086456
192,85.80821,84.53127,-1.2769394
193,46.76497,48.434067,1.6690979
194,20.41566,20.444017,0.028356552
195,2.8258634,3.5239086,0.69804525
196,0.0,0.040270343,0.040270343
197,0.0,0.0,0.0
198,6.597596,6.9245977,0.32700157
199,23.642471,23.098566,-0.54390526
200,50.03131,50.54514,0.5138283
201,86.76095,86.855415,0.09446716
202,122.86882,123.837425,0.96860504
203,153.13235,151.60382,-1.5285339
204,162.48544,165.00504,2.5195923
205,161.34923,166.53845,5.1892242
206,160.9038,163.48885,2.5850525
207,161.99231,162.00119,0.008880615
208,163.5977,162.56897,-1.0287323
209,159.6041,159.9666,0.36250305
210,147.13542,147.37732,0.24189758
211,120.25358,121.76972,1.5161438
212,84.56315,86.89298,2.329834
213,49.080246,51.450882,2.370636
214,22.814663,23.59074,0.7760773
215,4.8680506,6.4242806,1.5562301
216,0.0,0.0,0.0
217,0.0,0.0,0.0
218,0.0,0.0,0.0
219,0.0,0.0,0.0
220,0.0,0.0,0.0
221,7.3228846,8.011995,0.68911076
222,20.140884,19.691309,-0.44957542
223,41.38724,41.109108,-0.2781334
224,72.33321,72.76739,0.43417358
225,110.17122,109.401505,-0.76971436
226,141.15247,141.33548,0.18301392
227,160.85982,160.30695,-0.5528717
228,165.88348,165.13765,-0.74583435
229,161.42418,162.54718,1.1230011
230,161.26936,162.1064,0.83703613
231,165.95612,168.6785,2.7223816
232,175.72493,178.34653,2.6215973
233,176.94014,181.26266,4.322525
234,165.68745,168.70792,3.020462
235,138.26314,139.11472,0.85157776
236,98.85456,99.433784,0.57922363
237,61.809555,60.864876,-0.94467926
238,30.963053,31.953615,0.99056244
239,16.909054,14.775726,-2.1333275
240,8.627969,6.54209,-2.0858788
241,4.279789,3.4407291,-0.8390598
242,0.9627078,0.0,-0.9627078
243,1.2896668,0.8213417,-0.46832508
244,4.2453594,3.3186986,-0.9266608
245,10.064964,9.596568,-0.4683962
246,24.979744,23.58551,-1.3942337
247,51.6139,48.9102,-2.703701
248,85.954025,84.73553,-1.2184982
249,124.56566,123.37443,-1.1912308
250,154.30273,153.4975,-0.8052368
251,169.77196,167.10779,-2.6641693
252,164.18675,164.2136,0.02684021
253,153.51979,151.7709,-1.7488861
254,135.97389,138.09373,2.1198425
255,125.97991,126.51782,0.53791046
256,113.412575,113.553314,0.14073944
257,91.48763,93.99669,2.509056
258,64.93908,67.79427,2.855194
259,38.713055,40.904167,2.1911125
260,16.927649,19.946846,3.0191975
261,6.3886147,7.4289055,1.0402908
262,0.63389796,1.739052,1.105154
263,0.0,0.0,0.0
264,0.0,0.0,0.0
265,0.0,0.114139125,0.114139125
266,0.0,0.67879415,0.67879415
267,0.0,0.861557,0.861557
268,0.0,0.90100396,0.90100396
269,0.0,0.88506883,0.88506883
270,0.0,0.9164162,0.9164162
271,0.0,1.1207824,1.1207824
272,0.0,1.7392955,1.7392955
273,0.0,3.3783884,3.3783884
274,0.21049905,7.364725,7.1542263
275,10.807644,15.774343,4.9666986
276,24.319237,30.25653,5.937294
277,41.86977,49.391106,7.5213356
278,60.77225,66.81692,6.0446663
279,72.16764,73.842606,1.6749649
280,65.217545,66.14724,0.9296951
281,49.028244,47.86091,-1.1673355
282,29.43715,28.059212,-1.3779373
283,14.177547,13.730451,-0.44709682
284,6.4432135,6.4515777,0.008364201
285,2.3710027,4.0465674,1.6755648
286,1.4703448,3.6125975,2.1422527
287,1.4703448,3.2910643,1.8207195
288,1.4703448,1.6758616,0.20551682
289,1.0707481,0.79942256,-0.27132553
290,0.0,0.12233426,0.12233426
291,0.0,0.0,0.0
292,0.0,0.0,0.0
293,0.0,0.0,0.0
294,0.0,0.014272865,0.014272865
295,0.0,0.04263745,0.04263745
296,0.0,0.1300349,0.1300349
297,0.0,0.4864621,0.4864621
298,0.0,1.5670313,1.5670313
299,0.0,3.9033089,3.9033089
300,0.0,7.574548,7.574548
301,0.0,11.688682,11.688682
302,0.0,14.540506,14.540506
303,0.0,14.605427,14.605427
304,0.0,11.660817,11.660817
305,0.0,7.0422373,7.0422373
306,0.0,2.7144485,2.7144485
307,0.0,0.0,0.0
308,0.0,0.0,0.0
309,0.0,0.0,0.0
310,0.0,0.0,0.0
311,0.0,0.54034275,0.54034275
312,1.4703448,1.6366696,0.16632485
313,2.5888562,2.8934624,0.3046062
314,3.744755,4.2225356,0.47778058
315,4.9792633,5.4519477,0.47268438
316,6.1006937,6.664713,0.5640192
317,10.253042,9.621469,-0.6315737
318,17.479525,15.683917,-1.7956076
319,33.399826,29.757538,-3.6422882
320,58.393814,55.00241,-3.3914032
321,98.63271,89.82415,-8.808563
322,138.07343,126.25161,-11.8218155
323,163.7923,153.09425,-10.698044
324,171.03162,161.85173,-9.179886
325,163.35748,150.97345,-12.384033
326,134.0184,126.70889,-7.3095093
327,110.364265,100.68246,-9.681808
328,95.732605,84.0739,-11.658707
329,91.6162,80.91356,-10.702644
330,93.94068,86.70429,-7.236389
331,99.332146,94.68942,-4.642723
332,105.39026,96.326996,-9.063263
333,109.73708,103.93144,-5.805641
334,110.997856,107.84579,-3.152069
335,99.98191,100.85272,0.87081146
336,78.47988,79.97175,1.4918671
337,49.193504,51.20774,2.0142365
338,25.037205,24.792902,-0.24430275
339,6.4899683,7.4133334,0.9233651
340,0.0,0.0,0.0
341,2.2690935,1.2425103,-1.0265832
342,11.719206,11.419672,-0.29953384
343,33.128853,32.49673,-0.63212204
344,64.52263,64.393166,-0.1294632
345,104.40921,101.06639,-3.3428192
346,135.11816,131.14728,-3.9708862
347,146.28954,143.92683,-2.3627014
348,140.13976,136.19641,-3.943344
349,120.41962,115.11662,-5.302994
350,97.64382,95.33179,-2.3120346
351,91.602875,90.9439,-0.6589737
352,109.57299,106.28869,-3.2843018
353,138.71956,132.59814,-6.121414
354,155.75575,153.93875,-1.8170013
355,160.83293,157.26845,-3.5644836
356,144.0596,138.87814,-5.1814575
357,107.422226,104.71292,-2.7093048
358,65.204956,66.22643,1.0214767
359,33.34843,34.08682,0.73838806
360,13.644358,13.2159605,-0.42839718
361,2.4225652,2.4591904,0.036625147
362,0.0,0.0,0.0
363,0.0,0.0,0.0
364,0.0,1.1562918,1.1562918
365,5.1486945,5.8371334,0.6884389
366,16.130676,17.066954,0.9362774
367,36.92973,38.20476,1.275032
368,71.895546,69.68997,-2.205574
369,106.49163,106.04679,-0.44483948
370,135.43471,136.67407,1.2393646
371,148.87408,151.11172,2.2376404
372,141.67319,145.39258,3.7193909
373,123.51897,125.51217,1.9932022
374,101.26771,105.31473,4.04702
375,96.09393,98.1867,2.0927658
376,107.129654,107.22222,0.092567444
377,119.521194,122.46112,2.9399261
378,125.76507,128.53583,2.7707596
379,115.603325,116.143265,0.5399399
380,87.06592,87.79845,0.7325287
381,52.995094,54.35039,1.3552971
382,24.543413,26.590696,2.0472832
383,9.378363,9.277625,-0.10073757
384,0.0,1.1388139,1.1388139
385,0.0,0.0,0.0
386,0.0,0.0,0.0
387,0.0,0.61742574,0.61742574
388,2.6337106,2.0372689,-0.59644175
389,5.7000704,5.5591516,-0.14091873
390,14.64029,14.047372,-0.5929184
391,31.902359,31.227694,-0.67466545
392,59.3907,59.000973,-0.38972855
393,93.108574,94.07423,0.96565247
394,128.13515,127.94199,-0.19315338
395,153.2562,152.15466,-1.101532
396,163.82182,164.3252,0.5033722
397,164.15337,167.9404,3.787033
398,161.84639,166.00912,4.162735
399,149.00032,156.70059,7.7002716
400,131.72884,136.56396,4.835129
401,103.021576,106.71227,3.6906967
402,71.396095,73.900024,2.5039291
403,45.22325,45.761223,0.5379715
404,25.006947,26.22688,1.2199326
405,16.654152,15.012325,-1.6418266
406,12.870589,9.60787,-3.2627192
407,9.986111,7.144477,-2.8416338
408,7.617694,5.52484,-2.092854
409,4.397731,3.8723896,-0.5253413
410,0.0,0.97134674,0.97134674
411,0.0,0.0,0.0
412,0.0,0.70866245,0.70866245
413,5.1718254,5.1922755,0.020450115
414,18.62333,16.737036,-1.8862934
415,40.85851,38.30631,-2.5522003
416,72.48399,69.27494,-3.209053
417,107.19641,103.36954,-3.8268738
418,132.82037,131.43523,-1.3851471
419,148.62096,147.44261,-1.1783447
420,153.04115,150.97725,-2.0639038
421,142.83705,143.68686,0.84980774
422,123.589264,125.889015,2.2997513
423,95.148735,98.659996,3.511261
424,64.34087,67.24448,2.9036026
425,35.745304,39.302086,3.5567818
426,16.829712,19.666359,2.836647
427,7.4788523,8.114487,0.6356344
428,0.0,1.7201705,1.7201705
429,0.0,0.0,0.0
430,0.0,0.0,0.0
431,0.0,0.0,0.0
432,0.0,0.0,0.0
433,0.0,0.0,0.0
434,0.0,0.0,0.0
435,0.0,0.0,0.0
436,0.0,0.005053687,0.005053687
437,0.0,0.013353494,0.013353494
438,0.0,0.022153623,0.022153623
439,0.0,0.030971574,0.030971574
440,0.0,0.039789524,0.039789524
441,0.0,0.048607472,0.048607472
442,0.0,0.057425424,0.057425424
443,0.0,0.06624337,0.06624337
444,0.0,0.07506132,0.07506132
445,0.0,0.08387928,0.08387928
446,0.0,0.092697226,0.092697226
447,0.0,0.101515174,0.101515174
448,0.0,0.11033312,0.11033312
449,0.0,0.11915107,0.11915107
450,0.0,0.12796903,0.12796903
451,0.0,0.13678697,0.13678697
452,0.0,0.14560492,0.14560492
453,0.0,0.15442288,0.15442288
454,0.0,0.16324082,0.16324082
455,0.0,0.17205878,0.17205878
456,0.0,0.18087672,0.18087672
457,0.0,0.18969467,0.18969467
458,0.0,0.19851263,0.19851263
459,0.0,0.0,0.0
460,0.0,0.0,0.0
461,0.0,0.0,0.0
462,0.0,0.0,0.0
463,0.0,0.0,0.0
464,0.0,0.0,0.0
465,0.0,0.0,0.0
466,0.0,0.0,0.0
467,0.0,0.0,0.0
468,0.0,0.0,0.0
469,0.0,0.0,0.0
470,0.0,0.0,0.0
471,0.0,0.0,0.0
472,0.0,0.0,0.0
473,0.0,0.0,0.0
474,0.0,0.0,0.0
475,0.0,0.0,0.0
476,0.0,0.0,0.0
477,0.0,0.0,0.0
478,0.0,0.0,0.0
479,0.0,0.0,0.0
480,0.0,0.0,0.0
481,0.0,0.0,0.0
482,0.0,0.0,0.0
483,0.0,0.0,0.0
484,0.0,0.0,0.0
485,0.0,0.0,0.0
486,0.0,0.0,0.0
487,0.0,0.0,0.0
488,0.0,0.0,0.0
489,0.0,0.0,0.0
490,2.4624856,0.0,-2.4624856
491,8.37813,4.2255774,-4.1525526
492,20.33029,14.795131,-5.535159
493,36.95289,33.455494,-3.4973946
494,68.7485,59.814503,-8.933994
495,95.898384,88.20223,-7.6961517
496,110.935684,108.23075,-2.7049332
497,112.380226,110.364525,-2.0157013
498,96.252884,93.13789,-3.1149902
499,69.406944,64.870026,-4.5369186
500,39.75583,37.446476,-2.3093529
501,19.913555,18.342236,-1.5713196
502,7.2410107,8.124146,0.8831358
503,3.4335928,3.586108,0.15251517
504,1.4703448,1.6060609,0.13571608
505,1.4703448,0.577602,-0.89274275
506,0.45232844,0.010547221,-0.44178122
507,0.0,0.0,0.0
508,0.42594635,1.3386025,0.9126562
509,5.957839,6.0937886,0.13594961
510,17.54776,17.690437,0.1426773
511,39.77227,39.14247,-0.6297989
512,72.56338,69.61713,-2.946251
513,106.182045,102.72477,-3.4572754
514,135.0793,129.93907,-5.1402283
515,152.9714,146.4791,-6.4923096
516,158.17683,153.1589,-5.017929
517,155.18192,153.26704,-1.9148712
518,150.79921,149.76051,-1.0386963
519,147.04062,144.58794,-2.4526825
520,137.20204,137.29643,0.09439087
521,122.33745,124.15191,1.8144608
522,99.80367,102.00876,2.2050858
523,72.67933,74.12001,1.4406815
524,51.0279,50.151432,-0.87646866
525,41.27768,39.405224,-1.8724556
526,43.66841,43.774654,0.10624313
527,53.661533,52.737103,-0.92443085
528,60.54422,59.45901,-1.0852089
529,53.2284,54.14733,0.91893005
530,33.224506,37.63111,4.406605
531,1.511064,0.0,-1.511064
532,0.0,5.6761885,5.6761885
533,0.0,0.0,0.0
534,4.9978967,4.4108624,-0.5870342
535,21.78978,19.948591,-1.8411884
536,47.12448,46.084984,-1.0394974
537,78.01743,78.169014,0.15158081
538,108.41246,107.75755,-0.6549072
539,127.204056,127.00639,-0.19766235
540,130.24953,133.22287,2.973343
541,124.4712,129.73756,5.266365
542,119.251564,122.885284,3.6337204
543,112.586105,116.938156,4.352051
544,106.09356,110.50031,4.4067535
545,95.407524,98.44686,3.0393372
546,74.73885,78.17603,3.4371796
547,49.513954,53.10006,3.5861053
548,29.7701,29.696602,-0.07349777
549,10.7197485,12.390921,1.6711721
550,0.4532311,1.681234,1.2280029
551,0.0,0.0,0.0
552,0.0,0.0,0.0
553,0.0,0.0,0.0
554,0.0,0.0,0.0
555,0.0,0.0,0.0
556,0.0,0.0,0.0
557,3.8058724,4.198138,0.3922658
558,11.932934,12.294466,0.3615322
559,29.481323,28.707424,-0.7738991
560,56.407593,55.255165,-1.1524277
561,89.50382,88.90778,-0.5960388
562,122.30555,121.78265,-0.5228958
563,145.5661,146.25595,0.68984985
564,157.28545,160.36931,3.0838623
565,165.68614,167.29973,1.6135864
566,167.5784,170.14343,2.565033
567,164.84415,168.42203,3.5778809
568,154.6765,158.90793,4.23143
569,133.72165,138.70552,4.9838715
570,105.45873,108.493095,3.0343628
571,71.55584,73.95612,2.4002838
572,42.420437,43.31087,0.89043427
573,22.545904,22.347578,-0.19832611
574,14.389193,11.700115,-2.6890774
575,9.056672,8.31502,-0.7416525
576,8.190696,8.471935,0.2812395
577,8.666269,8.732492,0.066223145
578,4.5878906,8.508186,3.9202957
579,1.4703448,0.0,-1.4703448
580,1.4703448,3.1748228,1.704478
581,0.555341,1.031899,0.47655797
582,0.22612202,0.0,-0.22612202
583,0.34257042,0.32384837,-0.018722057
584,1.0251735,1.5114237,0.48625016
585,1.506343,2.6777298,1.1713868
586,1.5785164,3.049314,1.4707977
587,1.4703448,2.4306245,0.9602797
588,1.4703448,1.2626741,-0.20767069
589,1.4703448,0.22569855,-1.2446462
590,1.4703448,0.0,-1.4703448
591,1.4703448,0.4722864,-0.9980584
592,1.4703448,1.8509058,0.380561
593,1.4703448,3.9269812,2.4566364
594,1.4703448,6.147115,4.67677
595,1.4703448,7.7555895,6.285245
596,1.4703448,8.305886,6.8355417
597,1.4703448,8.038386,6.568042
598,1.4703448,7.4815474,6.011203
599,1.4703448,6.6851854,5.214841
600,1.4656577,5.216686,3.751028
601,0.4894995,2.9434164,2.4539168
602,0.0,0.41062146,0.41062146
603,0.0,0.0,0.0
604,0.0,0.0,0.0
605,0.0,0.0,0.0
606,0.0,0.0,0.0
607,0.0,0.0,0.0
608,0.0,0.0,0.0
609,0.0,0.0,0.0
610,0.30760467,0.0,-0.30760467
611,1.4703448,0.9369158,-0.53342897
612,1.4703448,2.3944085,0.9240637
613,1.4703448,4.1338506,2.6635058
614,1.4703448,8.272631,6.802286
615,1.4703448,9.4041195,7.933775
616,1.4703448,9.458169,7.9878244
617,1.4703448,8.455843,6.9854984
618,1.4703448,7.035373,5.565028
619,1.4703448,6.0657825,4.595438
620,1.4703448,6.361802,4.8914576
621,1.4703448,8.465739,6.9953947
622,1.4703448,12.213655,10.743311
623,1.4703448,16.430294,14.9599495
624,1.4703448,19.368805,17.89846
625,1.4703448,19.75972,18.289375
626,1.4703448,17.57527,16.104925
627,1.4703448,13.849801,12.3794565
628,1.4703448,9.872578,8.402233
629,1.0252186,6.550963,5.5257444
630,0.0,1.1138558,1.1138558
631,0.0,0.017481714,0.017481714
632,0.0,0.0,0.0
633,0.0,0.90951484,0.90951484
634,0.98294455,2.5624337,1.5794892
635,5.129197,4.7101765,-0.41902065
636,8.0080385,6.908897,-1.0991416
637,10.049134,8.464513,-1.5846214
638,10.9572,8.711018,-2.2461824
639,10.170123,7.5651817,-2.6049414
640,8.4889555,5.811232,-2.6777234
641,7.2304926,4.6461506,-2.584342
642,6.7854853,4.816797,-1.9686885
643,6.186761,6.132338,-0.054422855
644,4.68888,7.636401,2.9475212
645,2.1584682,8.161789,6.0033207
646,1.4703448,7.0099516,5.539607
647,1.4703448,4.424286,2.953941
648,1.4703448,1.4030615,-0.06728327
649,1.308103,0.0,-1.308103
650,0.0,0.0,0.0
651,0.0,0.0,0.0
652,0.0,0.0,0.0
653,0.0,0.0,0.0
654,0.0,0.0,0.0
655,1.2646947,1.5665773,0.30188262
656,9.587943,8.435747,-1.1521959
657,15.948362,13.245458,-2.7029047
658,19.807589,17.715614,-2.0919743
659,23.28602,20.426237,-2.8597832
660,22.9575,20.645247,-2.312254
661,20.803013,18.830816,-1.9721966
662,18.315048,16.14336,-2.171688
663,15.520416,13.55452,-1.9658966
664,12.9530945,11.53955,-1.4135447
665,11.55799,10.3612,-1.1967897
666,11.072381,10.193754,-0.8786268
667,11.184225,10.817018,-0.36720753
668,11.54919,11.452723,-0.09646702
669,11.431281,11.261054,-0.17022705
670,10.586493,10.055079,-0.5314131
671,8.811492,8.363091,-0.4484005
672,6.935254,6.8306503,-0.10460377
673,5.4868574,5.753578,0.26672077
674,4.8418155,5.1219807,0.2801652
675,5.37819,4.8780456,-0.5001445
676,0.24457383,0.21467265,-0.029901177
677,0.0,1.1703504,1.1703504
678,2.4592004,3.286119,0.8269186
679,7.4059305,6.7357173,-0.6702132
680,11.956519,10.920881,-1.0356379
681,15.3197365,14.52282,-0.796916
682,18.096977,16.75101,-1.3459663
683,19.717918,19.141562,-0.5763569
684,27.800278,26.104542,-1.6957359
685,47.303413,42.90499,-4.3984222
686,74.42269,71.6488,-2.7738876
687,108.77451,107.90284,-0.8716736
688,144.60931,141.07133,-3.5379791
689,161.53279,159.1806,-2.352188
690,155.5549,155.01328,-0.541626
691,132.67232,129.7352,-2.9371185
692,92.44157,92.2633,-0.17826843
693,53.890015,54.658287,0.7682724
694,27.150337,26.00482,-1.1455173
695,6.98746,8.970828,1.9833679
696,0.0,1.072682,1.072682
697,0.0,0.0,0.0
698,0.0,0.0,0.0
699,0.0,0.3035175,0.3035175
700,0.0,1.3796611,1.3796611
701,3.8802693,4.059339,0.17906976
702,9.115376,10.309094,1.193718
703,22.31097,23.209099,0.8981285
704,45.614975,45.610584,-0.0043907166
705,78.9563,77.4681,-1.4881973
706,116.62069,113.94158,-2.6791077
707,147.01585,146.86182,-0.15403748
708,171.00276,169.09981,-1.9029541
709,177.4739,178.11943,0.6455231
710,174.09425,176.23236,2.1381073
711,164.94972,168.79242,3.8426971
712,160.24117,162.11295,1.8717804
713,162.411,161.02626,-1.3847351
714,170.14319,166.46031,-3.6828766
715,178.64929,175.23253,-3.4167633
716,184.67772,182.91899,-1.758728
717,189.55217,187.11961,-2.4325562
718,193.08098,188.00635,-5.0746307
719,192.11334,186.33612,-5.7772217
720,183.70543,181.35504,-2.3503876
721,162.09573,170.36157,8.265839
722,112.71206,112.20488,-0.50717926
723,79.176575,82.8808,3.7042236
724,46.275124,48.820465,2.5453415
725,15.423344,18.430325,3.006981
726,0.0,0.29546538,0.29546538
727,0.0,0.0,0.0
728,20.237684,18.623245,-1.614439
729,52.64388,51.5847,-1.0591774
730,88.70481,88.564354,-0.14045715
731,117.0202,117.38654,0.36634064
732,129.22278,130.82697,1.604187
733,128.21341,130.4094,2.195984
734,120.51235,123.42367,2.911316
735,113.25242,115.69468,2.4422607
736,102.224365,106.36924,4.1448746
737,86.310936,89.7815,3.4705658
738,58.20829,62.86467,4.6563797
739,26.047604,29.987446,3.9398422
740,0.0,0.0,0.0
741,0.0,0.0,0.0
742,0.0,0.0,0.0
743,0.0,0.0,0.0
744,0.0,0.0,0.0
745,0.0,0.0,0.0
746,0.0,0.0,0.0
747,0.0,0.0,0.0
748,0.0,0.0,0.0
749,0.0,0.0,0.0
750,0.0,0.0,0.0
751,24.320137,24.58867,0.2685337
752,45.988434,45.933643,-0.054790497
753,73.56715,73.54622,-0.02092743
754,104.12766,103.277405,-0.8502579
755,130.34573,128.63841,-1.7073212
756,143.9676,142.13324,-1.8343658
757,140.02121,138.22682,-1.7943878
758,114.51813,117.10037,2.5822449
759,86.41469,85.873924,-0.54076385
760,52.481544,55.14545,2.663906
761,31.57522,33.18942,1.6141987
762,25.320875,22.387709,-2.9331665
763,22.597658,19.875944,-2.721714
764,22.795553,20.704044,-2.0915089
765,22.182096,19.214293,-2.967804
766,20.506365,16.291464,-4.214901
767,16.789429,14.970172,-1.8192568
768,11.120855,10.947084,-0.1737709
769,1.5457118,8.002711,6.457
770,1.4703448,0.0,-1.4703448
771,1.4703448,0.27444252,-1.1959022
772,1.4703448,1.4195886,-0.050756216
773,1.4703448,2.4900675,1.0197227
774,1.4703448,2.7737076,1.3033628
775,1.4703448,2.2261667,0.75582194
776,1.4703448,1.4125047,-0.05784011
777,1.4703448,1.0843784,-0.38596642
778,1.4703448,1.8656114,0.39526665
779,1.4703448,4.0512443,2.5808995
780,1.4703448,7.3419647,5.87162
781,1.4703448,10.774756,9.304412
782,1.4703448,13.111718,11.641374
783,1.4703448,13.409018,11.938673
784,1.4703448,11.440252,9.969908
785,1.4703448,7.8712068,6.4008617
786,1.4703448,3.9704487,2.500104
787,1.4703448,0.86019546,-0.6101493
788,1.4703448,0.0,-1.4703448
789,1.4703448,0.0,-1.4703448
790,1.4703448,0.0,-1.4703448
791,1.4703448,0.0,-1.4703448
792,1.4703448,0.0,-1.4703448
793,1.4703448,0.0,-1.4703448
794,1.4703448,0.86867595,-0.60166883
795,1.4703448,1.4063382,-0.06400657
796,1.4703448,1.6947299,0.22438514
797,1.4703448,1.5943328,0.12398803
798,1.4703448,1.2761055,-0.19423926
799,1.4703448,1.0267348,-0.44360995
800,1.4703448,0.9933394,-0.47700536
801,1.4703448,1.238526,-0.2318188
802,3.702991,1.9753615,-1.7276295
803,6.358758,3.5270808,-2.8316772
804,8.795128,5.9829755,-2.8121524
805,11.59787,9.051055,-2.546815
806,14.932066,12.290075,-2.6419907
807,17.55604,15.267449,-2.2885904
808,18.714869,17.431128,-1.283741
809,18.296825,18.12309,-0.17373466
810,17.059156,16.957087,-0.102069855
811,14.649004,14.124773,-0.52423096
812,11.059855,10.284295,-0.7755604
813,7.08393,6.2549686,-0.8289614
814,3.0872421,2.7908769,-0.29636526
815,1.4703448,0.0,-1.4703448
816,1.4703448,0.0,-1.4703448
817,1.4703448,0.0,-1.4703448
818,1.4703448,0.0,-1.4703448
819,1.4703448,0.0,-1.4703448
820,1.4703448,0.5835662,-0.8867786
821,1.9406067,3.4460967,1.50549
822,9.599049,9.009002,-0.5900469
823,19.756601,18.427269,-1.3293324
824,37.511307,33.849674,-3.6616325
825,56.448105,53.249813,-3.1982918
826,86.983955,79.941826,-7.0421295
827,124.1038,115.13655,-8.967247
828,171.2204,155.72487,-15.495529
829,205.9509,193.2073,-12.743591
830,229.73888,218.37656,-11.36232
831,239.11836,227.4722,-11.646164
832,232.21214,223.58458,-8.627563
833,221.99474,212.8663,-9.128433
834,205.56447,199.7848,-5.779663
835,187.83913,184.77861,-3.0605164
836,168.9088,165.00455,-3.904251
837,140.08815,137.50244,-2.5857086
838,102.7419,102.91768,0.17578125
839,66.99318,66.643936,-0.34924316
840,32.36365,35.812794,3.4491425
841,16.650892,16.691889,0.04099655
842,4.570583,5.3053975,0.73481464
843,0.65305525,0.68290544,0.029850185
844,0.0,0.0,0.0
845,3.2077775,1.8042356,-1.4035419
846,5.814742,5.794054,-0.020688057
847,13.542645,12.064613,-1.4780321
848,21.584274,20.36914,-1.2151337
849,31.4299,29.534771,-1.8951283
850,41.754723,37.786938,-3.967785
851,47.187862,44.980236,-2.2076263
852,60.727646,55.052444,-5.6752014
853,78.81682,74.40516,-4.4116592
854,108.326904,105.5067,-2.8202057
855,145.94017,142.0739,-3.866272
856,173.76027,171.91057,-1.8497009
857,185.22139,184.63037,-0.5910187
858,177.4693,176.6459,-0.8233948
859,149.9325,150.98628,1.0537872
860,112.31804,115.00497,2.6869278
861,72.18513,77.75037,5.565239
862,41.94323,46.66865,4.725422
863,22.23959,24.973885,2.734295
864,12.992484,11.809604,-1.1828804
865,5.8460627,4.5886073,-1.2574553
866,0.16937947,0.99278826,0.8234088
867,0.0,0.0,0.0
868,0.0,0.39768416,0.39768416
869,2.3736033,3.34679,0.97318673
870,9.882108,11.237459,1.3553514
871,25.429129,27.691948,2.2628193
872,54.01462,55.284225,1.2696037
873,89.87542,92.023895,2.1484756
874,127.72227,130.26726,2.5449905
875,158.5031,160.8495,2.346405
876,175.7944,179.25563,3.4612274
877,180.9183,187.49495,6.576645
878,187.00415,190.43852,3.434372
879,188.6185,191.37906,2.760559
880,188.87717,190.53398,1.6568146
881,184.91374,185.7247,0.81095886
882,174.23116,173.51035,-0.72080994
883,151.05186,151.01765,-0.034210205
884,119.67763,118.7266,-0.9510269
885,80.91686,81.968796,1.0519333
886,48.579838,48.634808,0.054969788
887,25.176453,24.49302,-0.68343353
